2.48221595029,5.54788292119,0.0985478582079
1.48755281596,2.94450778552,-0.619069661005
2.97435514874,5.03992466726,0.946205268797
-1.01657794927,-1.58501277017,-0.392275257397
1.63584588156,4.70479629411,3.22169234133
1.43594194234,2.81259645932,-0.077581916751
1.15992419485,0.0233310994734,-0.0280738440294
2.05224163005,4.51452804828,-0.745669356919
0.0401126816889,-1.65889580642,-1.6745842632
0.417974915049,-0.900849932664,-1.15848539482
3.54085546023,5.40519510446,2.3003956048
2.74438853556,6.91806986921,-1.37184266366
5.31924488093,7.94861681045,-0.525848696766
-0.196756801349,-1.74937005426,-1.5280454822
-0.0152700604201,-1.83594203673,1.62242634578
1.68940556698,5.27635205705,0.741996404751
2.06398904499,3.63922898488,1.61859788353
2.38904317583,1.93654091438,-1.89782789498
3.13604495539,4.04360996644,-0.249676647757
0.689969531268,-1.43500608869,1.30449366521
-0.268897418949,-2.34030110234,-1.86456547267
2.75053985151,3.68061938767,0.386254125828
2.1770738389,3.67807949727,1.03678756377
2.03521761624,2.9835563416,-0.773780809775
0.455405094272,-1.455148177,2.14777438874
3.23460461066,7.48352334582,-0.0971488636543
2.41408667978,3.10372700203,1.1563510259
2.05907259748,3.97152640121,-1.76396560049
3.44485598835,5.93482013481,1.88959612476
-0.657826856289,-1.25392697605,-2.53381522995
-0.766352488413,-0.610716527098,1.91393798691
2.59900689618,3.84720582376,-0.224394695708
2.40273903333,4.63200168679,0.0616145092331
-0.253904606225,-0.767912115546,3.31820264146
2.7179788432,4.86949279357,1.50613535664
0.513970800933,0.119786379011,-1.51739811654
0.989002528448,-0.143964288188,2.23466427726
3.2154736388,6.69129217721,-0.0844938219331
2.91743215042,2.89403042633,2.71573295429
5.18678785042,7.78320995816,-0.831106544033
4.01535212892,6.92750193918,0.332677475616
3.17835273626,6.12401863081,3.28719336285
0.70178146801,2.45934893862,-2.02104302758
4.06343936907,6.93717009328,0.32754366895
1.27203282328,3.52323562848,2.52430431293
2.12490524072,3.89436527697,-0.0425546050202
0.734695896074,1.24374930965,-2.94156859831
2.1571714555,2.87099028969,1.19324381104
1.35558797995,3.85338336418,0.574958802369
-0.0414543394095,0.851044090129,2.36170170268
0.82322610536,0.144692108335,0.590782180351
2.09285180831,0.932964682364,-0.880597164598
1.91289709851,4.15741184246,2.69714159205
3.05275251492,4.56069213452,0.864767949702
0.768346268397,-0.641925057134,0.84918043143
1.93230776086,3.9600259617,-0.531960407191
0.0855898893314,-0.81591579085,0.7954599253
1.79422730134,3.81900702039,-1.05054004639
0.21201285772,-0.317304632281,2.29629455125
2.07757380978,5.65399968061,0.644792755213
2.62128003878,1.26593321326,-1.92970298844
3.32068499598,6.41234216174,0.377229777208
2.27455107912,3.09213277556,-0.27752747409
4.12732057727,8.14803909454,-0.0210579960442
1.91707467684,2.02199885273,-1.62628162185
-0.466246357834,-0.676434711667,-0.171178334138
4.7286555539,8.98740535453,0.495649863689
2.14019905111,2.14129953898,-1.14627709866
0.642063294902,0.631656269446,0.306163703688
0.0507105069655,0.371481175001,-0.042735756673
-0.585867688555,-1.07400226213,2.30226230852
2.38598838169,3.64848125062,-0.417140404944
0.644897067097,0.3870662866,-1.37850085373
3.24001261838,1.98771265194,-1.0403520598
2.49097643792,2.85335560661,-2.01667019516
0.181801262443,-2.23486400914,-1.52140723697
2.12927666166,4.64768985137,0.0820125120076
1.4153552773,-2.722573932,-1.28856827577
-1.43894707068,0.363834804341,0.150962881254
2.4531465701,4.23416860481,0.518921470557
-0.828988762957,-1.86431799846,-1.18322921278
2.70358619129,4.30542624191,-0.943210792124
0.7443415427,-1.58468175057,-1.94631963085
2.03831689267,3.30727041907,2.07870182248
-0.0946348094102,-1.83902873446,-2.1235214855
0.105789214402,-0.0233863952543,3.20284172752
1.40686554867,5.60882799505,0.222983626541
2.97318830958,4.02400062493,0.0243009901908
3.32913893948,6.08925381109,-1.07547037339
-0.0429042701571,-0.299206705761,-0.84594736607
4.23937959496,6.03269715382,-2.56503879342
2.14247828534,3.40910247594,-0.941449281583
1.37265172381,1.60470621936,1.28754724572
2.97022741397,5.85172824598,2.17551823791
1.3466078827,1.64285120084,-2.97988950064
2.12207907205,5.00307972566,0.636448389077
-0.699301349052,-0.937761477444,-2.57037415398
-0.198413330812,-0.640760153455,1.89246027463
2.78755332997,4.13542627485,1.64698677726
1.86114597722,2.72668784283,1.67753537405
3.24408153758,5.61861284115,-3.04192035415
2.07030978734,1.09760599886,1.44466117947
1.65074653979,2.90644572137,-0.724788822969
4.0841137346,8.08102443433,-0.00678486706015
1.70889212556,3.88446453079,-1.78104533201
2.33722469987,5.09590384005,0.299665863911
3.94698694501,5.84016179059,-1.67588599445
3.89747200629,6.4160009036,1.527781507
1.59850538278,3.53149520644,0.240926052992
3.73134590427,6.71315421275,1.56050070571
-0.481656176308,0.122200829904,-1.20310672721
2.15900713134,2.94435453969,2.43669741104
-0.512229737937,0.0778408926925,0.243820720309
3.70783667275,5.14556914619,-1.96771051669
-0.261414981875,1.02039241132,-0.339291701679
2.32355249255,3.14650939227,-0.707228573164
-0.976508280214,-1.57612307065,-0.983609731949
1.73914732798,4.21656707919,2.73854923755
-0.300077812557,-2.31630741012,-2.42696450784
2.78723845175,4.52388423811,0.471442219633
0.120006426581,1.08861432452,-0.476578206571
1.84366966043,2.55353031071,-0.626326379862
-0.00249961284768,0.883727677127,-0.354352720939
-0.335013209697,-2.80081687786,-1.30992721443
3.17619984988,4.34164297267,-0.567699952843
2.10298428238,2.07458428423,-1.06097774134
2.2319093325,0.725112702637,1.3493045999
2.34712170861,5.59056879949,-1.26822918367
-1.42026658903,-2.4195781707,-1.8890103742
2.80094848421,3.83929392077,0.135391630336
-0.526364284716,-1.90731564997,2.42175594735
3.3951682217,5.21287335981,0.054128388524
0.898151101683,2.23643028184,-2.4941239016
-1.05575338129,-1.85109188109,-1.63488315694
-1.08039341821,-2.2075792031,2.01424017044
2.4222259324,4.51125713548,0.419040602245
-0.599331478709,0.0652579851612,1.45324030544
2.78397224863,3.95943667498,-0.128337548422
1.90940131903,3.64309194534,2.43654226611
0.0743254916944,-2.58768355551,-1.23708755459
2.33001012605,4.08965693244,2.93464470533
-0.140867198104,-2.8925536221,-1.19834115732
2.63985876894,5.11415321485,0.440605895639
-1.12874221921,-2.60321921804,-1.22957721564
4.15289344183,6.13417375906,1.84143829277
4.83640773797,6.9412566239,1.79328318147
3.83054093168,7.57696442065,1.98777916631
1.59472305444,1.7909801052,-2.3572580496
1.46631101861,1.7749648743,1.70970568332
2.37998902258,2.76831866672,-1.62913114247
0.455876458843,1.2215249125,-0.286686000429
2.27550161682,1.17408898182,1.78929481351
3.67658268149,6.07464702197,-2.21888381131
0.764528148466,1.03899421878,-0.932029977278
2.13884087033,1.62027077095,1.29854157901
1.55637954913,3.69711660683,0.763543572402
1.46360363,0.809793335996,-2.05688596153
-0.124034684432,0.175913744015,-0.621831219787
0.95278423174,-0.530034569348,0.685898830481
-1.4051850806,-1.50118386994,-2.00715104451
2.85545220348,4.39949130628,0.548165729844
1.74830136523,3.0860287052,-0.430287016808
2.96998320588,5.28409841318,-0.918760673462
0.881840569098,-1.14099737903,2.31993911327
-0.288866311149,-1.23644783898,-2.22024599061
2.71580445382,5.23812320064,0.171432372588
2.04415169855,3.69958182262,1.62960799823
3.05310855304,4.29209947423,-0.119978530345
1.80723560173,4.46582499664,0.72442179263
5.06446522061,3.67432760344,-0.209426466354
0.374861611536,0.102273176638,0.131867118996
3.3865063234,2.12301646241,-0.983304666372
-0.166707520502,-0.71771229183,1.90906702167
4.13233536008,5.32744225343,-0.697002729368
3.97280816658,6.38782844697,1.61012711161
1.00829655006,1.52753190911,-3.42468073809
3.04830537463,6.60727438707,2.25174326277
0.804066910865,1.30446742662,-1.99795647249
4.02097461567,5.62305575524,2.37338627535
2.43715868172,4.58349014634,-0.105591066627
-0.960507408362,0.00285977914746,2.38162362146
1.11294482997,1.87261427968,-0.758323009805
-0.0298887980716,-1.34436369493,2.04726805371
1.24531313341,1.99746750698,-0.759750408165
0.838208824471,1.19125465294,-0.460078803367
2.01894354359,2.35304252871,2.20392124009
3.06876542005,2.03240332099,-1.79779199039
0.193169412447,-0.390594108399,2.06281264932
0.0589884304575,0.97988277723,-1.39302792557
3.72961504431,1.81797568748,-1.13310254022
3.14727445478,4.66910901065,0.0626930166681
1.64175833653,3.76014031467,1.82412724997
2.52393292853,2.82402149857,-0.796408761582
1.29151124637,5.46971245603,0.0466240921048
0.543430684995,0.426461127456,-1.16026687556
-1.36558353796,-2.31081955846,-2.68448307685
-0.244978808564,0.394091582136,-0.340124731111
2.11625238083,4.19203332159,0.48118084679
2.37562534023,2.35609262253,0.341227804768
3.38570238286,1.43475585729,-1.63600905218
0.56655928052,-1.78017932692,-2.87442878076
1.594713173,4.7579685921,0.248467458871
2.01752548434,1.4452180997,-1.51515202459
-1.09633532362,0.182776874226,1.85130415587
2.50763631791,5.10753284323,0.407267829188
4.87533927486,7.51668258576,-0.839796881341
1.76575935061,1.9776216149,0.675044937571
1.44733216236,2.92177617892,2.06326164336
1.27703480405,4.34005297692,2.58081452453
2.22852021093,3.08822599482,2.80186701125
0.264040739014,-0.948859953951,-0.553419305638
2.51700624619,2.44935766779,-0.479900621928
0.344071416521,-1.71652022623,-1.02107639925
3.32424789319,8.10933173075,0.326321756508
3.29875983319,6.96500659586,2.94199308348
2.89498393899,4.01078406054,-0.423914694249
0.921700791318,-0.293890457952,-1.36088447728
2.52107611114,5.12048044121,-0.540028103992
2.13824567696,2.51777468702,3.1579975754
0.253139853848,-0.393633758131,-0.257920285784
4.16950410764,7.54960922859,2.07260151178
0.684899938526,3.90815826252,-1.01888210815
2.10369552635,4.12414523224,0.163257126605
-0.565046750737,-1.55745820994,-1.0085841764
0.215779559028,-2.20534069882,1.93880067759
-0.996697366972,-0.00445841921863,-1.15967299395
2.61083471261,2.54449325903,-1.41705416453
2.55620244311,5.03733323062,0.579777267868
-0.498664572308,-0.345508595722,1.45538644424
-0.0213686081084,-1.14420111596,-2.22593520746
2.8570137901,4.71977061946,0.685167261096
1.63074247685,3.78461344041,3.36284726292
0.213452496342,-1.31071107206,-2.31433366738
2.1889860044,3.48864581699,2.61525729668
1.88411065486,4.51168216118,0.878130356121
-0.0726076860336,-0.36415583895,-0.495361097911
0.159492057861,-1.04147627887,1.87911265348
-0.993918972858,-1.08788176945,-1.94593647468
2.58922613091,4.77963172316,-0.430859854702
0.460734627682,-2.10327067321,-1.59899212774
2.31645071283,3.28724381171,2.47927919978
2.71745438976,5.0069236923,1.75000120189
1.52918911427,3.82687722219,2.30998400429
-1.29134509776,-1.75765378494,-0.581960433058
2.77224992583,4.27472483926,3.40576190343
-0.502096181978,-2.27542663965,-1.89294207681
2.76858631374,4.19293099968,0.609148318197
-0.788027424534,-1.57129898541,-1.91998281543
-0.374580491138,1.03748810655,-0.325801440982
2.33288010167,2.09594506822,1.61749784767
3.58685637886,2.74346850904,-1.28292236131
2.68897753569,3.29213882262,-0.215366582475
1.17412435146,0.173984922404,0.173301073156
-0.67782852152,-2.6737463346,-2.17273668587
2.53141110946,3.86813607201,0.405815972507
1.49434131635,-0.970584016369,1.6051106821
1.79031443035,4.81231912537,3.91210474334
3.0766182958,4.89852859331,-0.116658502235
3.16398511658,6.55794280376,2.29216964656
-0.543079964295,1.60323494929,-0.0221865023549
2.39158323865,2.36506627039,-2.44601930248
2.1974752308,1.70958618732,-1.25232881632
1.67339334716,4.1810222376,0.421822910357
1.81584704407,2.24751130468,-1.35190382477
2.46414747607,3.26077840268,-0.61187121915
2.58025196924,3.23022067704,-1.65912638603
4.83854947675,5.11565871181,1.47915116169
1.36994644528,5.53634951461,-0.425675961314
3.90931482935,7.16698017604,0.425569819636
3.3780669191,8.36108023611,-0.776854649724
1.61077948847,4.97561410922,1.62983113612
0.176013504771,-0.00594622311932,0.867050572038
-0.221113071812,-1.61565373358,0.868372785294
2.22301164963,5.23445693747,0.179643882437
1.86265136788,-1.36361397897,0.761149378782
0.465662942978,1.83379342555,1.22720229533
0.911810859134,0.655866360297,-0.710436714773
1.61024738083,3.72132802158,2.07375219153
4.8915402005,5.69513534984,-0.979738900293
1.85502088464,3.6910395336,2.12052058445
2.73152787497,3.07109893299,1.05801098732
0.600842752542,-2.59540575042,-1.20387176142
1.94732503212,3.26611081622,2.57759128046
1.92263306516,1.28935954072,-2.13631816918
5.01394013259,8.02464640614,0.525770923849
0.361947154143,-0.0430912860816,1.64386792681
-0.310043120474,-2.0653070002,-1.48749475199
3.35871522243,7.38790345109,1.52276022493
2.27209800289,2.99104651665,-1.2431925928
4.30880707003,5.82658200622,1.32655092526
1.08443657834,3.8423588924,0.0336864468107
3.20134157766,6.75691065666,-1.25511869999
3.10382695159,8.29938643312,0.581126321154
1.18475369896,2.1860231589,0.785834566394
4.78377768338,7.6996019119,2.30669797023
0.114437081286,-2.17589177284,-1.3430620556
4.48728164633,5.64922204185,1.75634057593
1.02249024173,1.10017533174,-1.4236965172
3.09313482152,3.10017822703,2.6449746214
2.94931573717,4.30764534928,-0.446513427264
2.43120859032,5.10217661521,1.07604189327
2.02509846218,4.08071628766,0.479263703338
-0.0935613278366,-1.62010986691,0.876153348476
2.11328266501,4.48648179698,1.42971204393
0.0261089499979,0.565090276256,0.157643714464
-0.642256996002,-1.01274776893,-0.735515026391
2.92834020212,3.41990066719,2.77411484454
3.28286599526,4.74865488012,1.18811264111
-1.26510426888,-1.94100622036,-1.57142337698
0.0708860644349,-0.225689287299,2.90540555934
2.8944689595,3.71449011034,-1.50295532925
2.07485448924,2.28047339887,-1.4786898455
1.13958108148,4.20835554228,0.603214470517
-0.454376915994,-2.83542038656,-2.14638343715
0.548193960917,0.626873103853,1.14018147921
2.88175842851,4.32139997275,0.238803752938
1.40449744554,1.03666978444,-1.78650025224
2.80855366184,4.17908945941,3.47968774122
1.10056232213,1.00991940095,-2.77454212348
0.885404019828,3.17107608986,-0.136378884304
0.445284933414,0.757758933251,-0.128946292163
0.114524315489,-1.52509619577,1.67273578919
0.0793739711631,0.428733663244,0.233039447951
-1.17914616841,0.714460983139,-0.160275579052
1.35468037625,3.83649333179,2.05291288543
-1.36859965286,0.00597197807818,-0.383818632603
-0.106702496739,-1.8358571684,-1.21248696365
2.90668719741,3.59969663657,2.63654204086
-0.0496495390905,-1.36560262494,-1.34495496041
2.69253804921,2.75851649933,2.7958205196
-1.02276878715,-2.09295882031,-1.23200402059
2.1855787024,5.24314718655,0.609494839985
-0.431068212331,-2.15328529928,-2.38154579599
2.2218058283,2.44542463176,2.08406371937
1.90368917255,3.55176295227,1.77251670328
-0.0319852109319,-1.76905657701,-3.13354558304
2.93431604321,3.81631942578,0.568458526471
1.32665012177,3.29635626763,0.490165897916
4.09791965691,7.8801205674,-0.417358557222
-0.790564165777,0.398669721153,-0.450253868952
1.55165471502,3.49609746371,-0.986629425483
-0.760943382581,-1.48607241429,3.64393315041
3.15088682603,4.66759350517,0.573597344567
0.736076687228,-0.0895064916664,-0.396117784258
1.80950627933,3.12842305058,2.52669372688
-1.20205416704,-1.18938980621,-0.683520795473
3.37777351229,6.77431908965,-0.0354671592314
1.39571990414,1.15727654139,-1.16137019826
3.78711754903,8.09061802197,-1.3006089248
2.23337162886,3.23184893952,-1.14811316421
3.97228168587,6.96475334074,2.65220542321
3.13147951545,6.22571630491,-1.3801247309
2.41884826621,2.99950049212,-0.757139241956
1.40265101791,0.977327485351,-3.1429911841
5.0049582836,7.6606310479,1.30927441659
0.663135985145,-2.54288106572,-1.82750558386
2.24648825154,5.16716836727,0.896597600238
2.76847252164,4.72502016027,-0.140937137584
1.08351096509,0.152618259377,-1.05770699176
2.36520659178,3.97963360246,0.71183638703
4.1346099376,6.4010046966,-1.31396675074
2.58539195646,3.13800810441,1.72234867361
0.734158562591,-0.699613471839,-2.0554041551
2.78342137276,1.884646915,2.18440755238
2.22095749913,2.47804293626,-0.119166206404
1.11545790257,0.077945696441,0.151762337011
2.8354355803,1.90129925557,-1.54248404477
2.07339090463,3.81120821758,0.100901046908
2.11446858609,5.02381371891,1.09972732199
1.4856763175,2.28911139324,-1.37410832341
-0.883257603653,-0.20352459321,0.955051849323
-0.309518677154,-1.29385959599,1.65880375652
-0.437106460705,-1.21224892574,-0.62198861616
0.810768637837,-1.63680186238,2.31473249951
-0.981855970244,-1.99305903367,-2.12209837272
0.369284061837,-0.451398796347,1.95093820245
1.78003438698,4.71273433342,0.810613259445
1.4880529225,3.02049616257,2.01042239359
4.5581726869,7.35933944448,0.150951118157
3.97097153067,6.95845761401,0.503031095662
0.453286496534,2.59325185431,0.933214287291
2.33538472956,4.0908002214,0.0284920335954
-0.0349564722686,-2.32440843754,-1.67490829674
2.06215366098,4.50758246054,0.694742196359
1.54786274168,4.70193193298,-0.27628706474
2.88407942828,3.75107552495,2.67932320213
-0.113892359808,-1.3440860232,-1.373570061
0.542916582308,0.607887614374,-0.50480472824
4.29877438567,7.18200873924,2.58420731527
2.35156996214,3.4855215731,-3.00506180643
4.23034018377,5.57917758107,-2.7352344673
3.84887100227,5.35729275343,-1.44111265097
1.74922713696,4.09416334518,-1.09381990876
1.42003687124,2.16591309827,-2.03949297633
3.28195253072,4.92979443636,0.542204139115
2.41198216752,5.92853154687,-0.243020108341
5.22790884643,8.21318175787,-0.532592195404
1.14364588228,1.2067564588,-2.63760223282
0.68083491135,1.75294362047,-0.631154895808
1.24508883508,2.47577542215,0.821092535835
-1.02837986518,-0.488787630075,1.84888065572
0.167515415168,-2.19235009344,-0.834708371994
-0.497528176838,-1.92549041828,2.28363854109
2.53666548807,1.24386810652,-1.99716381931
3.84996766381,7.69144942985,-0.671386745458
0.259195789123,-3.35161761731,-0.632619061248
1.77781856409,3.28596376516,2.44541593561
1.85147646252,2.66832597675,-0.920690723232
-0.995673865035,-2.62172740966,-1.43767720303
3.63213146698,7.04808177298,1.87658903735
2.10580595895,5.10617356139,-0.34009250141
1.10559553316,1.69512435796,2.67551699696
-0.454406440107,-0.166183980824,1.49128676244
0.452706941459,-0.562704596494,-1.84835864908
-0.413944060673,1.35871786311,-0.827001269191
1.85700573109,3.55308956512,1.8772226608
-0.565178077145,0.851920893231,-1.01422475417
2.62557582418,3.86511883228,0.441152173287
0.928086932377,-0.307755254705,1.46504645417
0.416137172215,2.27643917152,-1.56288583779
2.01233482492,4.77802894949,2.02129925638
1.38296652716,2.66251483793,0.119740762296
1.14655144365,3.53167821243,-0.518630009307
3.61574876064,4.95138580824,-2.59182909428
0.219182103163,-1.10462700606,2.49807447483
4.22158874855,5.76682619638,-1.84317343398
4.38025462223,8.42755514884,-0.686554831704
2.5581245019,2.59167401643,0.965985115765
2.74528322273,1.47719168946,-1.08765163549
-0.56410198674,0.452223520661,-0.386777985477
1.91901092424,2.73336181287,0.0483125514133
0.717708455877,-0.112651091114,2.3585117376
-0.0544677151506,2.47165685394,1.65024009129
2.98068126466,6.30202331596,-0.584535673835
4.45840111001,6.81478219501,1.96969006535
1.46109672038,1.48253092337,-2.04443882898
4.34197858104,6.25589480646,1.14003995836
1.88512571294,1.97496809964,-2.46345003759
4.40000191028,7.96751243007,-0.81870723414
0.00213811302579,-2.0516104802,-1.20113304126
2.8438068732,3.73049492397,2.19904280142
1.01462008285,2.32428426996,-1.9683055772
4.17531680302,8.31909135639,-0.920483379918
3.65504812237,4.38966022476,-1.72909109303
3.64194590052,6.34709702462,1.15739933822
1.28422187449,2.30698407178,-1.90545144717
0.948355386267,0.509804164948,0.0459265921287
3.01602608284,1.83723558625,-0.966602424096
0.480159575452,0.196893122675,0.547505800604
-0.241793135014,-0.996555779869,-1.80029168393
2.76191662831,4.69736349965,0.406358799168
0.758340979113,-1.1931255304,2.30426515768
2.47867437536,3.12947631365,2.3697515462
0.0954727871134,-2.16669465168,-2.25039124798
4.76398942664,7.84111326952,-0.676264786165
3.6182678374,6.8155687135,0.720737812484
-0.563969937366,0.78455617887,-0.117053296552
-0.249828282311,-1.6274616773,-1.4765754228
1.49715652877,-1.6255454926,-1.0810920622
3.07124996139,4.25087830284,0.274729665576
-0.119461602345,-1.15582679265,1.44434263083
-0.0168749578338,-0.183397885067,-0.374521984781
2.37288160989,4.28338469062,0.0251506599366
-0.598954255104,-1.26425107115,-2.70895918384
0.109223828029,-1.71176659541,1.7979876694
3.32071128788,4.55655446874,1.78196727348
1.72835498441,2.23086512155,1.58028094782
3.09012226131,5.64022677857,-2.0114334638
-0.263093231071,0.722935976419,0.921786761911
1.68364032453,1.83717436735,-1.21102924537
1.31858964445,3.50546734064,2.75008364863
3.01094671885,3.83368875281,-0.230089866453
2.60484558431,4.13883751164,-0.417605316746
0.758866609825,-0.00133508247854,2.73828457258
2.50660581462,3.11929634025,-0.525700577493
0.990262593014,1.2790780965,-0.404653062675
2.5002794141,2.59775616365,-0.716069827226
2.68058211747,1.97734534564,2.48188937269
-0.0250485640496,-1.44269823379,-1.61317637162
2.20550466776,3.81666427384,3.10426054893
0.856282963395,-1.14811173078,-1.49893124128
3.11876988734,4.87440773525,-0.591725439277
1.79073184472,3.20066498146,1.42691645375
1.50871504737,2.2607329696,-1.72665033622
0.0554068355729,0.218763340597,-0.64743911839
1.71098071999,2.74582344603,1.91645047461
-0.0420558289938,-2.40892012232,-2.24155391296
3.01228354408,3.79022753451,2.00891057034
1.81349302737,1.72283650752,-1.52279683034
1.38358884009,1.78182327522,-1.35267172119
2.77583964422,4.92081380493,-0.313534379869
-0.103035714428,-1.1185175027,2.81268467152
2.03483823815,4.43570334851,0.383566946303
0.1931321019,-0.74118642853,1.71844936554
1.42984641296,1.45675387667,-2.54427899335
1.83528513896,4.64432528205,-0.575093582183
1.88033303061,-1.29919807312,-1.85853646374
2.3097585827,3.53191367495,3.02857128413
-0.243970667544,0.646716700592,0.197705463565
0.472091586844,-1.45327954961,-1.54272026615
2.84789911396,3.04763657719,2.59565752709
0.581630291342,0.561454787919,-0.605131413449
0.879439869828,3.34355043507,2.94401201502
-0.630602239617,0.0176175242224,0.445371413913
4.1910836791,6.32635135848,2.28326448025
-0.0246510929799,-1.92689249097,-0.730797407157
1.46903546194,6.01571609677,0.88873080068
-0.3971346971,-1.95812329395,-2.74578311017
0.676308021259,0.725175247201,-0.00179305700888
0.333230457937,-0.0202464467674,1.52763399801
1.40531680426,1.87946015541,-1.80065958355
0.816977319342,-0.149122730041,-0.474188168356
2.75039410613,2.91935362516,3.05460951676
-0.932586861052,-2.10430935709,-1.50992058278
2.57011049373,2.99843142332,1.22366445781
-0.745875009918,-2.12732221963,-2.02083657448
3.99595150316,3.82147133226,1.99966078053
0.389027038587,-0.040557017742,-0.0645218109839
2.5682357634,4.75477015085,-1.20139455383
0.184642790468,0.095449125676,1.21566903051
0.276988539072,-3.97398618555,-0.684006881937
1.36491264924,4.47354226252,2.12840402254
0.434768823084,0.439525689685,0.0438076882032
2.03232824586,2.41005109081,1.03524759092
2.49104019726,2.81558393769,-1.87292494266
2.68442124352,4.94729812743,-0.771130793645
0.578756875677,1.09525669113,-0.912920305579
2.35524358627,3.14952360962,2.36737355528
1.5775289787,2.55848969896,-0.545132949474
2.3140399494,3.95548630827,-1.05068807341
4.03155906973,5.7963707695,-2.39504257047
4.4812449134,8.86790403946,-0.935194223251
1.68028490889,4.21498926318,1.811301546
3.21506495552,5.15126644597,-1.55404899155
1.9924601436,2.33569797972,1.00530268556
0.924556447038,1.44821680294,-1.96611407674
3.83132976905,7.90585494617,-0.0378508811761
2.81085978996,6.34929301036,-1.65249514854
2.68973532139,1.92862916992,2.04366740258
3.25016432123,5.61381539064,-1.95280738666
3.68547370585,7.47152059203,0.730173122515
1.24205269695,0.071920702194,-0.833318734701
0.481444006338,4.07754953784,2.80095738725
0.969906771447,-1.41621283583,0.761287595382
-0.882569126298,0.173175564888,1.22606056801
1.15970584761,1.21898736308,0.000571805407132
-1.02962183002,-0.686865403819,-1.58834037204
2.73708626978,3.94497247332,2.13000687103
-0.343456619691,-2.33776282651,-0.452735332831
2.86579715366,5.36790672458,0.455581858943
0.551380864077,-0.766334484097,-1.7160854331
3.37411812181,4.36591390129,0.953723507067
1.99158084776,3.35028296184,2.14708869675
-0.484605138932,-1.07325769426,-2.37026926064
1.31860585401,3.35307679559,1.90414216109
2.8372992786,4.5938353013,1.23896637843
2.50085171231,2.91934129668,-2.96553689369
-0.664512278598,1.14352365563,-0.779981395242
-0.506444941267,-1.93638390451,1.71874438104
0.888658080061,1.27958355475,-1.67965608707
1.44525682363,5.16615950876,-0.307311576977
1.94994983584,1.89885978906,-0.529004475353
0.101221070164,-1.52884963069,1.10471314165
3.58253620741,7.09730155632,-0.236660353391
2.36001460105,4.25796598588,-0.635623686836
2.18743001173,5.28686309464,0.734149556001
0.216675985686,-1.83795516811,0.592609213959
0.793083485214,0.978761350214,0.22008659785
-0.921658046639,-1.39287406449,-2.82245015008
-0.615229864611,0.592557874428,1.00838510203
2.25260082186,3.72174844554,2.38290827243
2.8554484787,6.34728217489,1.08817810037
2.5990545753,2.10326234291,-0.4133111408
-0.0434529729825,1.2382692812,0.496616792713
3.92685035319,4.60831478848,-2.26693559747
2.6391409102,3.80231970783,-1.09340339913
4.25981219679,6.82801046257,1.79457388996
3.48849818599,7.26481654643,2.07395441489
2.87571734238,7.67551551414,-1.75907324847
1.43778197997,1.02270303822,-2.19057614328
5.76859606987,8.36308891707,0.485999923643
3.02331920002,3.35928815576,1.48928385482
1.16293130271,2.30382753877,-1.44508288124
2.19278965574,2.8887018617,2.59987791581
0.100201198501,-2.20378780394,-1.4607235158
1.2043426749,3.5895789625,2.26479570294
-0.336670432401,0.104381826306,-0.710131442934
3.17422974606,3.02959531063,2.4118607884
-0.0617430118861,-1.75431259864,-1.00875231496
2.70009093903,3.70200186586,2.5150614111
-1.66471883691,-2.35786983538,-1.70894784163
2.02964467748,5.78844735522,0.935702856722
2.2798670542,2.00306850457,1.91496576931
0.0961423387896,1.57769758594,-1.2691173322
-0.549457782591,-1.04207738759,-2.42440425023
2.65043536406,4.63225362113,0.307289797057
-0.489568348783,-2.08140258636,-1.76648466473
2.18207245887,1.92608440594,-0.910105553438
1.09515790812,2.79475896666,1.20310939487
4.05238685302,6.9225470273,-0.748774045981
1.94144044591,1.81412713021,-1.19787170653
2.29626081555,4.11803164363,1.63573424728
1.16650419743,1.97596124089,-1.95934547199
1.30184580367,1.91880716295,0.964494233774
3.82758336963,5.11675405304,-1.45414306265
-0.254185641034,-0.498502862025,-0.723888220688
-0.076097020081,-2.81490065452,-1.53619903153
1.8862846721,4.77051501385,-0.287565854744
2.64095393269,3.76188469731,2.56706407357
0.951449751624,2.4213575332,-2.38367073345
2.56738351501,2.08267520878,-1.57995838347
-0.933054313821,-0.668950540099,2.0805443758
-0.401869674501,-1.5793837753,-1.35939603752
1.55272552784,3.31796834289,1.81857847118
2.19654026886,3.00605686848,2.07220733319
1.64187268763,5.37024652762,0.960575896928
1.82922759119,2.31875933547,1.31545930611
3.24969031469,7.03117920249,1.6439653697
1.15854526016,3.44447023426,-0.599318198533
3.07334279065,6.57589966649,1.39433186763
1.41797642474,3.07516532969,-1.10307250811
-0.0248713499219,-0.997189820247,1.77358174265
0.533609883145,2.1829535607,-1.86275274684
2.22383006776,5.08744657672,0.154161962204
4.05173703496,5.65328931988,-2.10900322816
-0.62618643619,-1.84176898382,-0.53703205144
1.92363705435,2.80904464981,1.83365188658
1.67478576657,2.35628139678,-0.94052698419
1.93492217146,4.39569148113,2.64403056268
2.25944070037,2.09914152367,-1.31085272586
4.36099186765,7.8206099634,-0.6367794205
0.520663271603,-0.243773876172,3.10118019075
2.16359608799,1.6939530998,-0.166606767662
-0.152565036316,-0.663476686674,-1.67866439136
2.68651553502,3.25799870682,2.24056364107
2.46359800874,4.49295120526,0.693737745798
0.0892464604959,-2.19830372041,-2.25994510696
-0.885386851963,-1.22726028845,1.20856561812
0.566886080563,-0.140145311407,1.40416727525
-0.8528621752,-2.75253086728,-1.75438183449
0.508104282129,-1.1334972827,-0.918140630162
0.940938219705,-1.00365675856,2.16665074974
1.13308082587,2.88297205451,0.0371048373726
2.65538379228,1.52896217813,-1.2161293615
1.12698523593,-0.374971213172,-0.401369244125
1.77060110248,2.91882389563,-0.55383298377
2.33875837279,3.01342823288,-0.00980773787538
0.160224280161,-1.99797169582,-0.915408401145
2.9043731447,4.3865093295,3.32567312864
2.01593115673,4.87159015638,0.872564428215
1.91138948714,2.93790871161,-1.08156496538
-0.861170620456,0.460592430896,-0.503344853373
2.79518947974,4.33520292192,0.900256949566
-0.77864837807,-1.09443374264,2.45869978749
1.89112683478,5.28118505117,0.310830265062
0.591994855992,1.37850586969,-1.64588004483
3.83506776843,7.51266915669,-0.0672883381835
1.32368406428,1.79453697768,-2.51957071329
3.74215145021,6.25587681104,0.382413017729
2.13031021897,3.63152359878,-0.476782232057
1.05167525957,3.30475355337,-0.244846376999
0.788094025015,-1.28336750646,1.31015003838
1.77950985693,1.42133247335,-0.662757115281
3.30920698199,2.84359584673,2.6135840744
-1.01655627393,0.153392673344,0.428282460969
4.34222502003,5.54258624757,-1.57084860571
3.04216235488,6.49548565535,-3.8869861279
2.49658465362,4.23983584124,-0.463232483697
2.79544663712,2.54578934078,-1.74807252475
0.919603895276,2.19326199846,-0.119840597185
1.12503804026,2.92551862425,-1.6488388515
-0.526753753495,-1.57797149319,-1.82680220284
1.30267198421,0.83786347059,0.832472771284
2.37067431266,3.97653144878,0.849694126125
0.34163958129,-1.66955658469,-0.915710393178
2.14323496603,3.27216786654,0.665022886075
3.11736228463,2.40666796031,-0.438802273584
1.72698223948,1.08607588876,0.693054192732
-0.753769944748,-0.901466272943,1.60536156183
1.35012867837,2.90090345811,-0.683876846042
0.283745042965,-0.457510339483,2.08765627042
1.63352777697,4.52690169214,1.13595064646
0.29626772102,-1.65311843081,-0.801124817804
0.212370571213,-0.201982476022,-0.908475823778
4.15908439957,5.18759458631,-3.01817035318
2.08149433695,3.74526555175,-0.771051954295
3.83392495105,7.637527093,-0.0410060198172
1.46107490436,1.40605562984,-1.55601438597
4.16148835479,7.50678733055,1.89608348116
1.50861479435,1.88957510478,-1.57711873277
-0.387194041774,0.457169626044,-0.580639228843
1.25963977905,4.18973545663,1.83179207146
-0.916590021879,-2.1930451262,0.291314981602
0.68922501658,-1.20219584103,2.102931644
2.17631934172,2.96408775432,2.82475123335
-0.939304411819,-1.28722038189,-1.86989224789
3.73121919979,5.48115713212,2.08973259405
0.858644276697,0.205525394693,-0.0572130432445
2.89620548081,3.78254201951,2.16157256248
0.041208936072,-1.60995802902,-1.66574257045
2.62928856288,4.35573270947,0.527948470989
0.920202921545,0.0555536545462,0.765829086601
1.40088485745,-1.42339305503,2.47913691009
2.37134515664,5.31979372662,1.36205208456
2.64716549163,7.61134625146,2.90017642924
1.98102018638,1.99931631515,-1.01976728644
4.98410186436,5.78806903673,1.47686371076
2.64960811423,5.3140107735,-2.54616682668
1.19833508555,0.91197851098,1.85884525967
0.500451726914,4.21285215632,-0.422891124398
0.121749960971,0.306424052124,-2.67652262267
3.82411639103,5.53037842824,2.65403103449
1.59071366785,1.73103443486,-1.96576454177
1.93000777715,3.52611939677,3.67250470746
0.924366588953,-0.162128842208,-0.609446916632
1.77785826189,4.18985827104,-0.00237911226233
0.395601449428,1.13725652875,0.5267090043
3.24898475464,2.82079052691,2.18053674095
2.14568862244,1.56115705939,-1.95774850467
-0.334568360761,-1.23837245622,1.20976465817
2.43075964479,1.54961281198,-0.919576917154
2.2887284891,3.31874042161,0.909407740377
3.29736598756,8.22877887879,-0.201865610654
2.23148773018,4.13625016213,-0.898656572182
0.28233254752,-0.177636505118,0.738904820381
1.29011515264,3.40741307923,3.7312452129
2.12999131058,4.29312733168,-2.30300057836
-0.305668748188,-2.58291964489,-1.690597505
0.30912151528,-0.35858724285,2.65494645994
-1.26029267377,-1.51484158021,-1.49574782179
2.7885919201,5.15151390592,0.3268901646
1.16468697868,0.990342041067,-2.76166739459
2.15874307979,2.18925738644,2.11420871902
-0.613594532217,0.779444360018,-2.66624731268
2.20278986018,4.76292989471,-1.70018307929
3.76839085066,8.14204041048,1.27447917868
1.16301663535,1.9751008161,-1.6704126647
4.35601376962,6.38409618444,2.03760820718
0.739002018615,-0.51854390735,-1.37355438305
2.14574530396,3.43968528692,0.149332524518
2.38319160082,3.40225098077,0.199905836124
2.48434459594,3.34819276334,2.66998725689
0.225148417834,0.636585128276,-1.19096335807
2.53309308484,3.76020432374,0.312424517203
-0.0396238683852,-0.0257648468117,2.28289270201
0.492568539999,-1.7857269084,-0.981371116247
1.99783566651,3.72925476089,2.40750779974
3.01771818354,2.92188790258,-0.886249511042
-0.0714612297985,-1.28316542851,3.11854064715
2.73769564078,3.05153894756,3.202283962
0.831439564995,-0.306634026002,-0.41644090272
2.14366563712,3.54640358132,1.77189341804
-0.557233396559,0.580135893177,-1.22766781266
-0.667932159633,-1.62983080611,2.05976761305
0.287562113424,-2.57983033399,-1.22710807944
2.43336720569,2.37195029464,2.64351328965
2.40585831628,2.9508617871,-1.51408906226
1.89170877144,3.20356729786,2.07698946946
-0.440888340035,-0.763070800471,1.16092397731
2.7914292075,2.20693951723,-1.84008592865
1.62027317833,2.47501230582,2.31437594675
2.14065878844,2.0086004931,-1.80260985958
0.328745683531,0.516216931122,-0.542617910962
2.80614882008,4.68453738575,2.65515781447
2.85619675501,5.46262928943,-0.811176788881
3.41631034154,3.98289803461,0.517444005137
-1.18569583611,-1.3255350869,2.71571857435
2.2065805094,1.12538828284,-1.6474517716
-0.233767913468,-0.574014477734,2.55421366393
1.66786859779,3.41129266088,0.288198756778
1.57689515394,3.53227063941,2.37979611634
0.757256707805,-0.0607494044012,0.712360553823
-0.523123740429,-1.16597526196,2.42076567764
0.738126095415,-2.68891664832,-1.9463781282
2.38931509204,3.64436441015,2.04753519913
-0.525911033551,-1.45589297217,-1.62182695828
1.92560210627,4.66801830078,0.994765582514
1.80056157175,3.5683217877,3.03749296046
-0.60227712421,-2.15327677266,-2.19764810079
-0.0383041201897,0.0983471390291,0.257292362208
-0.545191029319,-1.72773719594,-1.43568819045
-0.728851192164,0.243164948986,0.82165892497
3.27554154193,5.79555577099,0.339819756686
-1.23501731898,-2.21060327168,-1.86899406245
2.56564463124,4.09368004454,0.314994884435
0.99864688459,1.19338825123,-0.270763069974
0.391370191637,0.143493200071,-0.486256077414
1.95604751305,2.75686328961,0.820285049591
3.78805828957,6.49657627815,-1.88586439743
0.287446003531,0.0458870596983,2.06940085713
1.84296396623,4.49020161233,1.27076826389
-0.12242220388,-1.2924835298,-1.86270403623
2.27835597573,1.63542988437,-3.54081476899
0.286550372779,-0.852961644157,1.75909288358
2.11599028147,4.52167662992,0.839375853199
1.75360738385,3.76986040672,2.06029224505
-0.0991731731817,-0.378948806276,1.98695310813
-0.39019478239,-1.76996867822,-2.42247964172
0.321871953468,-0.582817045727,2.1295414495
0.6421175595,-2.24703598756,-1.30701024977
0.377936978131,0.494186774702,-0.749203636625
2.44762030231,4.03304809996,3.65676457352
-0.352948816316,-2.46292538161,-2.10039488266
2.92302708763,4.58995326837,0.518912043767
2.02215363853,1.89424375653,-1.08076506756
1.57178219935,2.25928354592,2.39899518546
0.317562578045,-2.73682304929,-1.92924232752
1.86482261647,3.66738243718,0.508888835957
1.85892470082,3.1052886873,-1.16845232903
1.85490761956,4.55940079382,1.96715642473
-0.0471988656765,-1.70637456313,-2.2197397257
3.57839617891,7.92110728942,0.0804715073659
2.58521170097,4.10010732964,2.32925349694
2.94545018513,4.22497152258,0.998987292074
-0.427920814861,-2.76305871964,-1.30782477103
1.70701382455,3.4160193053,2.7112627494
0.119124991283,-0.963185162371,-0.403206224749
2.0825746082,2.8769899069,0.240421503712
-0.610247296404,-1.32023095352,2.28302424081
2.19066617463,1.3232555088,-2.00736924529
-0.953489293616,0.124746228203,-0.713632289976
1.04531608742,3.58616044642,3.0220119891
1.69353135147,1.77543812267,1.22889703699
4.64623079375,8.53940802999,-0.113473748095
2.71531745952,6.58121900023,2.43571320423
1.17766250404,0.660677709764,-2.94061213717
4.95949363342,7.65515131938,1.20254781183
2.41298751939,5.59174954909,-0.477187658465
-0.0947151355977,-0.7996921214,-2.40403290384
1.61877023085,4.09029509937,0.159185239922
1.26342918474,2.5942966702,-0.873857313412
1.22521830538,2.34537087369,-1.56263110602
2.46973034626,6.23143866774,1.16756190308
0.496612806589,-2.19996271346,-1.55736989313
1.79974305919,1.43766014591,-1.28910877405
1.87316268057,3.72500442598,1.99398944838
2.19244428756,1.65852492368,-1.871005717
1.00676269501,1.98965038757,2.01547042458
1.5507629655,1.69074428723,-2.2153653906
4.13874886636,6.02195209338,2.80144103057
0.206996116734,0.80682233845,-2.29576035388
1.2247992335,3.74056029851,-0.916603303452
3.72754000684,7.97464685279,-0.469827073909
2.94429629255,4.94422576167,-1.71741572664
0.0245565184139,0.259407718148,-0.705675735367
-0.493636856064,-0.60402264083,1.23503655558
1.2559369736,3.12879385107,-0.854304056045
-0.100150704614,-1.14078875951,3.55954272609
2.36755612017,1.99957746529,-1.564467484
0.503450768353,0.723536336523,0.733668842295
1.24554573127,3.28367672924,3.13020950754
0.421542213532,1.93018465043,-1.16139935544
2.55799448286,3.41964185027,1.98107811995
1.14704173585,0.0131112928539,0.564620176631
0.057898004115,-1.75444862023,-1.60313831479
2.79921044843,5.16268194733,0.99742297187
1.06248644152,-0.143136562879,-0.117384292605
-0.856776769707,-1.38632993678,-2.04789252215
3.18323552245,4.99391992891,0.683818848633
0.103132870868,-2.16355780471,-1.22550415478
0.0139116638635,-0.753399440354,1.35007047321
3.19929202109,3.27120131181,-2.80970383732
1.73784138531,3.74552387743,0.100105837467
-0.469769076845,-0.421167101407,1.40380032137
3.4303445946,4.3181562291,-0.647554565053
-1.28637109381,-2.00312374307,-2.5523283569
2.0587942519,2.49351257897,-0.989571629744
1.42605182545,-1.22532146,2.57310549198
0.291541562511,-1.44746982414,2.7124023897
2.01755145455,2.66713550395,-1.54959851157
-0.0196432164751,1.0754260259,-1.36328179149
2.92541686857,2.462344437,-0.676682941417
-1.09347111315,-1.80611573308,2.11583743214
4.10029445103,5.24542729334,-1.48344460612
3.73956472055,4.94465597213,-1.91219977696
2.04253949898,4.68991221977,-0.912659524543
2.39677864495,2.36178275371,1.56219706681
1.13657364761,-0.628036073678,2.11247789586
1.67460247571,2.15257213135,-1.5605931868
4.28188693315,7.86000613661,-0.155105605448
1.85986253564,2.69277583605,-2.21240020178
2.17626397918,3.73029698603,2.50713380042
0.71901829994,-1.39647590133,-1.0878007442
-0.58855428817,-2.32847943813,-1.77368445179
1.6405162533,2.29473553603,-0.989736443477
0.554863920649,0.703515584944,-0.255100885998
0.559327409933,-2.19496096578,-1.91799612165
2.77394011691,5.46130546573,-0.861686575815
1.82304109165,2.51493983866,1.91501550364
2.62988182235,5.02901487752,-0.396541699021
-0.517411226722,-1.52791534781,3.43244190645
1.16576078316,2.96247442118,-1.7565080525
0.580750993578,-0.600295691818,0.243946628155
2.73373646525,2.65436420091,-1.10757304432
2.16654164229,5.08033861374,-0.185275045228
2.25850565782,2.45611026137,-0.973764101526
2.45761672784,3.43021483506,1.58126896752
2.43854091924,4.76348436031,0.18878179857
2.40172057599,2.67633965385,2.40220887331
0.785701609852,-0.111605075957,-0.650954731488
0.287128965273,-1.75450360671,-0.993956293277
2.54500858022,3.00182282395,2.49331308237
-0.0905377167877,0.171063592046,1.10275345955
2.19239660063,2.92175780761,-1.10323315535
0.786945521685,-1.6009266117,2.5110957858
1.96131416586,2.07508788803,-0.996340900907
-0.865738280554,-1.48702525756,2.23190053257
1.97464671654,3.37943503253,-1.15522787139
0.174895816858,0.351601675008,-0.368265398577
1.50475063755,3.68961314048,2.15639278074
-0.332019377028,-1.82227238482,-1.90235265071
2.81002122327,3.94244689658,1.68056665283
3.10539184066,7.28307322162,0.487723236961
0.892601681633,3.34603821992,-2.25826936196
3.55065373996,4.06787318063,1.66247435504
2.4202755223,3.09754341362,3.03012538993
1.37747522533,1.62690976422,-1.30422423629
0.976201493439,0.29248549782,-0.351668127233
1.93356186675,1.64106195617,-2.44617196022
3.32992190365,4.65523557173,-1.51149124262
-0.0383649269717,-1.20084633176,-2.18222012162
4.13073030589,8.19566432891,-0.237391140227
2.03491670478,2.98321373498,3.13857117791
0.954727546467,-0.576878808238,-0.467358063417
2.37705099252,2.11603523847,-1.34475450117
0.198142284703,-1.07020620312,1.68933988599
2.18151430708,5.22006505814,0.494174772628
-0.783495403673,1.65613257698,0.385423127468
2.34953424637,4.35438284975,2.90819137949
1.34833133042,2.70733923562,-1.26644388611
0.548092836629,0.925682280019,-0.0755063226172
3.04023196937,3.3116127732,1.74378067553
3.60951534718,6.81264494937,-0.845484411242
-1.78090617913,-0.0889082529557,2.92230906714
3.33271710274,4.77430674512,0.96948062232
0.435964385001,0.121474048423,-0.199067014025
2.9159170076,2.74387830938,-2.40497880139
3.08994987522,3.81256292201,1.56826198472
2.21160586448,2.69268942264,-1.34791124271
0.210107812079,-0.24011354793,-0.552398472257
0.844914763085,3.1535641671,0.864191685113
1.86250103184,3.12751727198,1.55360120091
4.27413266573,7.61854216374,-1.12741099819
1.37311559124,-1.99903022352,-1.31835295383
2.24284390699,3.56267123336,2.90532646951
0.968107465891,0.974342593413,-1.75505014031
2.49163918025,7.10511533039,2.59556824628
3.73315206826,8.06000922253,0.365758135917
4.97671533728,7.47426824884,-0.918687040049
3.81274559147,5.10262342751,-1.55283886731
0.399739150452,2.3486584941,2.20768772106
0.523886638315,0.128654622013,0.420923510743
2.62853974546,3.71991674574,3.03121745286
1.56011334265,4.60836775493,-0.162680146069
-0.311333257568,-0.758598130718,1.54477309078
2.37006688565,2.11443083929,-1.93634451423
2.54795046903,5.14218572071,0.447342578983
1.36879175003,-1.31867720362,-0.795230618719
2.08344204444,4.85236557349,0.337735047481
1.56622919942,3.32712329164,-0.440127573033
-0.900330260315,0.0634054694945,2.19490944432
2.76457960655,5.04218222193,0.952560794201
-0.584481501103,-0.0163973616498,1.14351899312
2.81695057778,4.46867334108,-1.89380160463
3.96386306039,5.02951878389,-2.74114950668
0.887733266426,-0.80843557499,2.4116088251
1.84427880249,2.73773061234,-1.83787047897
2.46491913473,3.03855246111,3.43763463817
2.49674953845,5.75108122306,0.411368485242
2.18015550841,3.35759249221,3.66216252199
1.8692402252,4.7848192285,-0.357205460656
-0.400956478204,-1.86440651076,-0.109725124899
3.61753622379,4.50089383462,1.13921965569
2.32501729388,2.57648807924,2.65946302113
0.84563610979,0.382995942921,0.340085322725
0.113966671489,0.697974437209,0.392496708873
-0.315119557586,-1.32947971457,1.35093276907
1.57921659775,5.17716832441,0.70349628714
0.0848574951904,-0.65016113166,2.50168764382
2.05533709166,4.51507501544,0.850017954465
3.58702358549,3.68672254932,2.62274646947
0.339961801635,0.789427938702,-0.388146073904
2.9367846694,5.11798383053,0.568472400502
2.39022879097,3.51705548041,-0.934462423793
-0.50200137214,-1.31242527609,2.16691707104
1.49375342513,0.520274135819,-2.61421913715
3.42530211147,6.31208452918,0.969918940259
1.59219681123,1.23964435601,-1.24868822547
0.654661956346,-1.32809407105,-2.25395943003
2.77865942905,3.69297265184,3.78052765672
-1.05603651817,-1.89621086616,-1.42683090153
1.73435594843,2.68380342191,3.33454128421
1.11629258639,1.68132799006,-1.98983592109
0.182954849502,-0.529919799702,2.10042871195
0.283374053449,1.5604669178,-1.36502242099
1.39235383213,2.98071707367,-1.23821265317
0.217292178145,-0.615145819224,1.61121614425
2.02876823583,2.64175684392,-0.425953753598
0.237548125842,-1.25213011229,1.16961593092
0.962068432609,2.25283245637,-0.115372607334
0.989621714324,2.97872114989,3.47526894883
-0.401434088063,0.770448337443,0.157456010634
0.382996821812,-1.14467124164,1.44115796836
3.18091235412,4.92685693412,0.340010620786
0.24633663716,-0.711963987678,3.06544330578
1.8923374229,2.95485027107,1.04826888645
2.74597524725,5.41893182742,-1.75282900361
2.61416138708,1.806288931,-1.12930457578
2.11791760825,4.36205744793,-0.783816041375
0.516489445639,-2.07136103826,-0.271077335309
0.855879916146,-0.848655978017,-1.45507237967
2.76098076396,3.43126133724,0.0421440049309
-0.180060674618,-0.989325078437,3.09621752277
2.06184697828,3.85366038281,-0.571134828918
2.50909296285,3.33791997146,2.25621129168
-0.0344327952377,0.49868700737,1.43735455661
2.04934572187,1.77080127899,-0.622553429011
0.750690146763,-0.8580719382,2.62792169763
4.09892714503,8.42550513073,-1.4006246453
3.55537001683,7.13863605923,-0.255734318323
0.304729100548,0.939476004804,-2.06697209465
3.26383859915,7.53105412226,-0.378790043402
0.563474719186,0.663163466653,-2.7166881523
6.66137514598,8.38699933484,-0.463107328553
-0.578653068785,-1.84896140823,-2.31142474097
-0.0840446811025,-0.33368588716,1.40969857995
0.492859455106,-0.3286687039,2.07447670724
1.77957732008,2.83115639305,-0.58643594294
1.17612506177,-0.0219465135925,-1.18554713072
0.295630697272,-1.63951536371,-2.47680740901
2.38429829289,4.82033357005,0.216057842872
-0.0245862444352,-0.728145289432,-0.363687711146
-0.535164102127,0.19935613614,0.251792215525
1.26507724073,3.94901983894,2.57217555155
-0.563487770783,-2.2383315183,-2.13964880038
-0.299039928937,0.903625016899,-1.98695924131
2.35616603237,2.55633838245,-1.150773997
2.49695807464,2.40695322991,1.76482411336
2.52810723342,4.04009556828,-0.0629639877801
1.14500089453,2.34404844266,-1.28180723792
0.360177762232,0.0139881351284,0.0335334698702
2.77544593639,4.5900614278,2.98843711024
0.348986173016,-1.49926294391,-1.89866213763
2.18237471359,2.9777771293,1.58635753607
3.35410453813,8.10191944079,-0.292626553233
1.50056914058,3.03661467868,2.49377359736
3.43778366271,5.26149090646,-2.18050540977
1.39032752847,3.67026822148,-0.889706179245
4.14626877498,4.77796243043,-1.64383361561
3.37262427141,7.67752567665,-1.04959915162
3.44992904518,7.50121610955,1.36819732091
3.13823371741,6.55368074519,1.38375872414
1.39224488454,-0.952694756756,0.154968589384
1.91561841173,2.14942234808,-2.14524178734
0.3116296779,-1.47550821382,-1.12998142119
1.7603287201,4.04456554307,0.916107811932
-0.598982875092,-2.27949174112,1.86406262443
0.156320576235,-1.76312917003,-1.77770997171
0.493488888405,0.437784444116,-0.0593790438226
-0.876111366441,-2.31818136885,-0.874642371771
-0.261435780739,-0.635195281682,1.78940961886
3.07390899083,4.33908502994,1.19958120329
-0.299221847714,0.900397569464,-0.357559145791
-0.109423450117,2.97783767546,1.11020766717
1.60125144023,2.26598081903,-1.49817109519
-0.736990112278,0.274075090228,0.512664689
2.03054917109,3.036631809,-1.09637014397
-0.0100367595006,-0.353564282188,1.6737287985
2.04442964154,3.18122564447,-0.771403751055
2.85942223827,3.22979177046,2.02280923183
0.350963994648,-0.248720201853,-0.422735565101
2.14285573518,3.54647371926,2.12374647888
2.27585207742,4.18754144367,0.528936000251
-0.146554700272,0.0882050552698,-0.629029904981
3.67887585372,3.79668534444,3.21764596438
-0.31198043804,0.198638231999,0.917511986864
-0.63756837903,-1.32236773492,2.80361947457
1.42211199181,2.94232662496,-1.00785238557
-0.328624940381,-0.805415984293,2.13755172779
3.1354667234,1.85644075115,-0.434711904255
2.62621308157,4.60100563534,-0.88285618231
-0.218996307381,-1.18024829468,2.68323606862
0.379496968242,-1.61645211337,-2.01795749086
2.51757848832,3.59042721176,1.24358898199
1.79342161313,3.26976758773,-0.886771619764
1.47974327734,3.60999961786,1.6768560753
0.177421968687,0.676456186189,-0.473510183887
2.94729913001,2.2927986454,-1.32482219933
-0.855039209637,-0.590191548678,-0.976569149773
-1.62279024022,-0.291853055465,0.524361304171
2.32828703322,2.5765287604,-0.367490039157
0.943866760608,1.32229696307,1.73362425331
0.758881115297,-1.61778529128,-1.03718575114
3.14612593777,5.3685540602,0.734015682768
1.43853648532,1.97254470514,-0.572404909795
2.48957348303,4.39538460798,3.14787952492
0.0417427960699,-1.63680633948,-1.20377746255
1.49123203331,5.02355305673,0.870585645557
0.832386199673,0.244539966105,3.01735467857
1.80122125281,1.28868556639,-0.309397691764
0.982836669395,0.275230698806,1.69440893379
0.337490531026,-1.68063240286,-2.34099625859
0.789241398659,0.708603053662,-0.18297030469
-0.323880801837,-2.6109592589,-1.75110145862
2.22388342205,3.08938878697,3.23070207283
1.2323998849,0.739286023434,-0.390026180641
2.68153754542,4.14738304656,0.434085675241
2.09845694497,3.07301846202,-0.752407017635
1.68123470263,4.06393073151,-1.20872177077
1.16275546673,2.85956348085,-0.447267968596
2.83265666173,2.56387748442,1.19073834556
1.23585422368,1.77272731883,1.7770628077
2.47124219764,6.29311850962,-2.443916087
0.886801553696,3.1748436878,-1.69677619382
1.15459070471,1.97049894966,-3.00197598582
1.03293879686,3.22417939939,1.25756415855
1.71286730747,4.58300730721,-0.922764587015
1.80430376676,4.58627888354,-1.12281365859
2.21913037358,2.06842585553,-1.70415007782
1.29356182993,-0.332592377751,0.368028026862
3.61925898378,5.1364120934,-1.37194194921
4.43514611498,8.32531340375,-2.11264988688
0.863642208915,1.10503957556,-3.02702251231
5.02175267847,5.69054696961,1.42427128912
0.801558540952,1.92777044035,-2.49700468817
3.74998988367,4.89249279106,-1.97416967011
2.58838511112,5.24818859697,0.263119887524
-0.353448891189,-1.97113750108,-1.5428657965
0.251747166045,0.680869223194,-0.776816839771
2.76102119577,5.44948693748,0.602475938433
0.663380035949,-1.8578940939,-2.88400890641
1.29475589772,3.17577537452,2.2608860644
3.22669918063,1.81924509032,-1.06412508178
2.56640040004,4.7447215097,-0.66671755759
-0.837677888074,-0.664403588455,1.6204389875
1.98823284019,4.98475154621,0.445037043007
2.77645444471,4.68130416634,1.31357527474
2.38438389724,3.94617372039,2.88080862449
0.164038906308,-1.44516817536,3.59012096382
1.69929841569,3.5023414706,0.222780213114
3.31395162593,3.75023546243,1.76170230977
0.454692122269,-1.26380331079,3.17306522003
2.48579727068,3.95398712969,-0.0535385588701
3.3988391286,3.8393109187,0.627416113682
-0.948983919248,-1.65114412391,2.07491023705
0.18993136707,-2.48722192589,-1.90279611663
3.44819432987,8.41973907787,-0.412601525223
3.85548338046,5.29932602954,2.00438622399
2.9937610131,6.53038055731,1.84989839779
4.68403079598,7.43632497849,0.156368148382
1.99914760079,1.81187559159,2.37670477608
3.56615334619,7.68137875947,-0.475385373002
2.07864979307,2.26790948288,2.63157046308
1.05910444192,0.461323615036,1.23276111524
1.86262620427,4.21390005676,-1.22886110627
-1.07874946776,0.350885958452,0.502402676372
0.851885492335,2.20656113726,1.64134065721
4.20434350297,7.75712951771,0.407071817046
2.4827791429,3.0485484043,1.86926902638
3.54845603143,3.50944709826,0.0742463050903
0.609368457261,-1.99457050208,-2.76274153721
1.20517791377,3.21833790126,-1.15919026722
4.11596363534,5.74459108103,-1.88795854796
4.41057654348,6.24060777442,2.19704482029
0.660634534587,3.4271518317,-2.13292980678
2.77696456689,2.59205858581,-1.24100768834
2.24039652456,2.88804405078,2.30572097092
3.34868624233,4.903960108,0.543869041459
0.227745970138,-2.07802424309,-0.895224937456
1.43545445545,4.42986748508,0.123381827806
2.56709458013,1.65259722753,-1.30762695634
3.04668214238,6.91918382982,3.75676423073
5.90902502995,7.12337772867,-0.864307441483
1.02829985366,0.410934315349,-2.54049527044
1.99621500409,3.66435538968,0.268816582908
0.503120162559,0.253099840182,0.161491672395
-0.33654447389,-1.36870924892,-0.964234932133
-0.304505400103,-0.363610792335,1.97714562179
1.86259123309,0.185099564427,-2.09800070931
2.65908657865,3.86764609222,2.44359679704
0.905690021356,0.883904021005,-2.17066266544
2.05429247025,4.4653473977,2.67304859355
0.292652069197,-2.17883233285,-1.93858082044
2.05954611053,4.82352551766,-0.759931708894
0.562612338593,-0.817188394252,-1.79859840072
1.09598536041,-1.23133514216,2.6750925457
2.38228369252,2.24838937627,-1.44483518821
0.113726056144,0.947673805799,-0.676450742594
4.16678837217,7.46017820143,-0.171690673422
1.97203640437,2.27390410428,0.266492907821
1.59699044835,4.42713910471,-0.390926708041
2.56034930595,4.65251291567,-0.0596926737829
4.58967278486,4.76043112916,-2.40276427578
0.829702100122,-1.949096599,1.3450135419
0.171017803797,0.354749221427,-0.41304373679
2.92573936144,3.30999244248,0.181033305113
2.16447788255,4.35646728976,-1.38161911526
0.278307672228,1.00964104695,-0.756775862205
1.71840531925,2.50705437611,1.2763667946
2.2455420463,1.97137209171,-0.636941134208
0.252945746231,-0.687593899951,2.73079692805
2.58868753472,0.833561520639,-0.70575981911
0.0442657890182,0.292882118129,-0.0811050823389
2.45710192882,5.37821267732,-0.0594003654862
3.49003318331,3.17596544123,2.28435551325
1.91112916233,3.64572282001,-0.735373418506
-0.965520882434,-1.00310077755,1.82547325954
1.69960452148,3.0328757487,2.0423970317
0.0583357576886,-1.63026841465,-1.51759083351
1.28266687318,3.58907095528,2.41899341107
1.5304085044,3.84158265957,-0.614383153005
2.82607551083,5.59562077754,-1.48270286718
0.227646764004,-1.10292692314,-1.49792187501
2.23870563189,3.64305192979,-0.127493931591
-0.0574868144647,0.523915902533,-1.25611755467
4.42829564184,5.85657997438,2.34432836677
0.406952098466,-0.00736908951073,-0.60539483324
1.16090736507,2.20997121144,-1.77914178259
2.18890076513,2.62476223212,1.99794353803
4.48840794725,6.91970910448,-2.14598145332
-0.453207425192,-1.2448217372,2.62021969434
4.70625367194,5.70116861737,-1.71828490482
3.53212664883,5.88179838056,2.37257051967
-0.0157101077079,0.146422875302,-0.0549630253844
2.35655198262,1.8148518457,-0.650413766125
-0.612233982336,-0.170738264898,0.822733960125
1.46877822734,2.78718775373,2.81951084716
3.31170713623,6.24018858246,0.296405153643
1.42450937012,-0.65209217307,1.58363099252
1.66166555991,1.29195570112,-0.653400217949
2.56744968135,4.92103004288,0.199401161895
2.36153634698,2.68968790945,-1.58822587295
0.281969763068,-1.32461218035,1.7741847627
1.89541960409,3.8909714118,0.202826210909
0.0999157790616,-0.831350000636,1.96495385235
2.3410492998,3.11758510134,-1.29050396582
1.53312616219,5.04941661562,0.185030647076
-0.612185481378,-2.25970497389,-2.29364068531
2.03773092438,5.79119143026,0.566245447632
-0.362366653759,-2.32499132701,-1.46809288287
3.62275907799,6.02245326096,-2.03511722433
1.78878262083,3.09635202564,2.45677679973
4.68592184022,5.56167929971,-1.48619068235
1.79442306556,1.51656997445,1.47734321707
2.54705474559,4.78799902085,0.239640539316
0.549016303908,-1.23604791053,0.798543235837
1.654089674,2.38966856011,-1.06056633523
0.405879718629,0.110239680645,2.00666618249
2.03227746655,1.88983831455,-0.508525340029
0.0241456198857,1.5582819959,0.0628439078727
2.30763320575,1.8420659265,-1.30752993686
2.61030043813,6.30049579998,0.200587307933
2.95902699987,7.20827503113,-0.718935480187
0.900552782068,3.99480011293,0.2804624975
3.1313378356,5.50791021835,-1.78145897541
1.47012162071,2.37765343426,1.53327259312
2.21578402482,2.37443848965,-2.11327610553
4.40661313895,7.63009657983,1.75586052823
2.45541347597,3.36550657497,-1.48519792914
2.14456339497,1.60415747426,-2.6861055469
2.85638503474,7.14596921243,0.50154553342
1.07968328704,1.36746167121,-1.62418462432
4.71725981616,6.5425944676,-0.802946140683
2.22257671967,4.40794433137,0.976458159371
2.02585866453,3.76200404789,0.286970483793
-1.20794246775,-0.970398607761,-1.7683562386
0.0752797770695,0.522321845855,0.430360123801
2.01759275889,3.56739696573,1.9870397133
1.46901531408,3.17138294135,-2.10514962805
-0.435377284347,-0.118822744349,-0.544902708031
-0.414230018758,-1.36717620078,-2.41301332226
2.27786984407,2.37263315645,2.84903364003
-0.746834944333,-0.238824079843,-0.182599202302
2.48256584542,1.6139248169,-1.17401014522
1.34383181241,-0.18626024998,1.23248606473
0.38753410549,-1.00920582097,2.78342347048
-0.618227364071,-0.592995368113,-1.03721789947
2.52965737671,3.53391252441,2.49806847301
0.0829685668294,-2.58040291909,-2.19280733251
1.92841855603,6.14955148328,0.0221189178169
-0.680773261809,-0.934462927599,2.54270878248
0.448454909416,0.616142458912,-0.343534642722
1.98387582009,2.49756234188,-1.66362387601
0.59730810559,-0.321266512209,2.81279892492
0.0918852664501,-0.0286738001539,-0.281588358377
3.23154114733,3.83401062044,1.57937827961
2.77683677617,1.86418641205,-1.86402429256
1.92704737607,3.4243015709,1.59536089026
1.55159018985,2.42929784563,-0.143591386495
2.16186399302,4.01034398694,-0.148018369781
1.04849795426,0.533353779328,-0.866661109255
1.63122560975,4.35155802582,2.45945095872
2.17557858296,1.68937137385,-0.946219404558
-1.17825811958,-1.08505201214,2.56473008148
1.64726792628,2.53282053773,-0.558053380082
2.40049491721,2.5973499509,-1.46466549064
2.03756808455,4.2629885783,0.317367612469
0.63130001286,-2.2487063358,-2.25080131963
3.10141622784,4.9488724296,-0.72949172701
2.3810548265,3.50298381417,2.46372177192
0.489014889653,-0.0821224114523,0.272198663296
2.71205020802,4.65692864614,-1.08490383767
4.25807508485,7.47592624145,-0.994803350348
2.18860732266,3.6346836444,2.56159965496
-0.0894731416927,-1.96704946895,-2.26477730025
0.157654134871,-0.166787662971,-1.81821358215
2.48200089386,3.32958145506,-1.26391041852
0.264931521514,-1.25101533747,-2.48929030032
0.664644164882,-0.442550092864,-0.368529699242
2.06503476606,2.92532553396,-0.989948905483
3.10009863262,4.95458943117,0.742272972915
2.88283137333,4.28368032638,-0.748575388856
0.092820566219,1.74244618529,-0.450507955674
2.12189432256,2.80809343246,0.885274499205
0.411773426248,-0.682312790549,-0.750426993456
-0.161057963613,-1.77184844183,-2.08560758251
2.31553302508,5.06581227275,0.588766365321
-0.0089232793062,-1.04407166915,2.32493882312
3.7119505777,5.66505430361,-0.0969979779122
0.0788859334773,-0.0521071178017,0.373117262051
1.75182581824,1.49293763869,-1.85788940305
3.31106404837,5.12196353442,0.57694570628
1.98361527361,2.90601404386,-0.827593684242
2.67390879339,4.40946606799,0.691094903501
2.33635494566,2.02503746638,1.48483275816
-0.994624548056,-0.78764168024,0.0132401826978
3.90713096705,7.61357609457,1.19258823002
1.50588609971,2.56068909157,-0.58519712756
3.82939325711,7.27664695793,2.00575774777
-0.177417619026,0.693046916978,0.0848176083324
-0.672744061876,-1.87957598859,1.94840147495
1.35488194234,2.77778191254,-2.04026786197
0.385548125482,-0.741449688288,0.0853479987152
2.50210277521,3.55944568313,3.11700664435
2.65559598612,4.57225391269,0.2372195854
-0.434906222946,-1.72016706399,-1.26174434555
2.82425775715,1.95702786267,2.14772635482
1.39907400711,4.71002817353,-1.37792445482
0.303598075043,3.17792405067,-0.484928616966
-0.45814553716,-0.879071629685,2.53841223498
1.75667227376,1.62827845966,-1.46082280577
1.19421915345,0.55431118461,-0.0253853237417
3.33922294306,4.02534709432,2.14686218212
-1.00886788438,-0.550525518945,1.79196554846
1.61505388958,2.70188891216,-0.15922531175
0.277406937954,0.209154461036,0.358218470683
-0.377894373603,-1.92869466848,-2.05011629046
2.1919114058,4.92331012364,0.697055745641
1.2018120547,2.69050031766,-1.45284731419
3.41744087277,3.66747191423,0.562383347627
2.06030722924,5.55256965699,-0.00565481360713
0.97146427218,0.619197828968,-0.0459153366404
4.29326433994,5.14592857901,-2.57386520922
4.37765397223,6.70908308144,2.63893405092
1.60582547611,4.03277672954,-1.41849279379
4.69791322718,4.8944647449,-2.08745878666
-0.501194646132,1.02387113012,-0.830417337316
1.07060512631,2.42773093206,-0.597121191381
-1.11696459418,-2.31592341319,-1.07488177889
-0.0330863417318,-1.30264590965,2.46319422117
1.50645412179,2.75549165361,-1.66126864881
0.273463994513,-0.432547247687,1.33792613211
0.406345661762,-0.708477954264,3.3015232773
-0.0235398278654,0.59303640658,0.143030070979
2.6157080864,3.24293152024,2.36242427155
-0.519565127598,0.466989691232,0.230693566636
0.705400818081,2.32318066894,0.122238215465
-0.92992186326,0.000737503157339,3.08217558251
3.23201657023,2.80519784144,-1.84375961716
-0.213588923289,-2.67876312931,-0.920070680903
1.93739751556,5.04309449381,2.13325047887
0.103630921164,-0.447931080265,1.83879772625
2.43769577372,3.55318462715,3.2103996661
-0.83876597929,-0.76852818452,-0.475742523857
2.85929148142,2.0999345913,1.65143712019
1.50106269333,1.8259038143,0.0857507172452
1.05408148759,2.26151936746,-1.19856147776
1.92875390423,3.90585598038,1.15665772212
0.493750319494,-0.512528210328,-0.154816685613
3.66801495724,7.21368965653,-0.323472669001
1.81123276773,2.35828223475,1.35956519756
3.17632464687,6.60856099755,1.83714189673
-0.39084798126,-1.73586583231,-1.98434629839
-0.364149681478,-0.737291594465,-0.16568756294
0.147311857472,-1.66534464396,0.104557996288
1.84652095363,4.67499990817,0.959278341954
2.3910162876,3.99315361868,1.67364768053
-0.570842867794,-0.335834343914,-2.41321900998
0.834856365186,-1.79359034523,2.20389310629
1.30208462321,4.28043938216,0.695827126727
-0.130607823513,-0.444000890052,1.79677321172
2.32224418014,4.82774323037,-0.482405898764
-0.642410217994,-2.12417332684,-2.48782692129
2.6002730723,2.94446123574,3.11275222766
0.874589104816,4.44992458707,-1.08812415663
1.89301224365,2.4123058725,-1.39241307829
5.14758317148,5.82374477288,2.26967101044
-0.130197174789,-1.40397596803,-0.850964778958
1.95105232236,2.06124278135,-1.71561363524
-0.839033208019,1.02606463969,-0.316563043378
3.17775091864,2.18314322962,-2.53802196519
0.70297330168,-0.917750672733,1.79819147715
-1.20355865075,0.803233240705,1.10861639161
2.58943401556,2.40849426877,2.86435363561
2.46099953408,3.22830967317,3.21085321084
0.433970159698,0.561264385587,-0.326181074905
-0.286338531401,-1.26287637821,-1.14112079936
1.54557870234,4.65890829854,0.569130884928
-0.786686333712,-2.09036981872,-2.97607357506
-0.395872521698,-2.28051006837,2.50115061871
2.14380117304,5.26753219383,0.188987729137
0.618409168028,-1.77974879688,2.03957952838
1.04898228892,4.44168800239,-0.0565658699435
2.26872544374,2.26138599713,-0.843628714249
2.41015186918,4.81917372732,0.941369750551
2.36391951,4.21835312178,-0.333092464643
0.784441693651,2.18038958824,-1.04205765273
1.59412931427,3.05528122758,1.44263514349
0.273923620275,-1.60919121413,-1.97124183184
-0.260126293999,-0.2905425519,1.2625464468
3.07102445134,4.20822096543,0.983024631115
0.430496630279,0.967605457372,0.18920648903
1.86814679705,2.28214691397,-1.30241449336
2.08012410231,4.2980990869,1.82815285866
1.20205510055,5.93551488051,-0.440547265887
0.13913732931,-1.39175747173,-1.84979809588
2.34167391495,2.35674489811,3.08998368423
3.58446896331,7.94790477141,-0.427682724903
3.76467043322,6.42671655628,-1.80733193035
3.69237354183,8.63451779456,0.622928918498
-0.66885200302,-0.689384531137,2.01228472931
2.02904839758,3.75817294704,1.42511858346
4.45580639697,7.78117477944,0.296935199811
2.82936309964,5.27022081415,0.405069232692
-0.27708173539,-1.59591450183,-1.69004611415
1.78098301496,5.27987053156,-0.713899174913
2.08187403435,4.60081941442,-0.674389530961
2.24218184414,4.49505169443,1.93135699224
-0.55120462998,-1.82254354068,-1.1500635014
3.00409372256,4.25188522832,3.56935420293
2.05730536839,3.12374142733,-1.84250082245
0.0129453508388,-1.52254177136,2.21416078317
2.44771250561,2.88922263179,-1.39992400742
-0.474831896392,0.441771578798,0.0491159471867
3.31123779944,1.5556478583,-0.826804398443
-0.90265510007,-1.83343198618,2.47066536527
1.26521423656,4.22928428721,0.789656293436
0.882203150409,-1.2564428377,-1.12640119306
2.02720923448,3.54578396431,3.24952371682
2.36497858356,2.16990031904,-1.76705100487
-0.488821563058,-0.326330709289,-1.57256819987
0.34018656822,-1.49390445539,-0.636687398304
-0.343044991809,-0.574568919237,2.24873935825
2.90496803114,3.42900019292,-0.922233302374
-0.515821295495,-1.11250334138,0.139990003296
1.32579914346,3.21194062671,3.28517004261
2.79835084196,5.28995690465,-1.05508600557
1.48188744931,1.92508578797,-0.988706305078
-0.19435741803,1.26513869483,0.731276825131
0.530305715389,-0.588048659401,-1.84311195968
0.190444442469,0.295613312788,0.441770697612
1.02784589159,5.10055338954,-0.689707820863
-0.0231599333206,-1.23387621957,-2.2208371162
2.42105474604,0.97255046939,-1.53988654983
0.756191514255,-0.960506201664,0.682546758694
1.9910204735,3.05641790033,-2.65931165399
0.371118118589,0.157423843692,-0.289505234921
1.70829728661,3.50255770396,2.05680621751
2.08183277329,3.52598749109,-0.722602118668
1.27168349125,2.23967750903,-1.51258452574
3.31308676948,3.98360864047,1.87265727989
1.22284736669,0.417269794167,-0.0259012288824
3.43638151545,3.80063008832,0.580709692166
0.792042433289,1.36082095588,0.855551211796
2.37103087372,3.30892753261,-1.11266718698
-0.213521788954,-0.758021186397,0.160303897965
2.6712537848,6.50260565056,1.55503746537
-0.495290006522,-2.31628095666,-1.28695075023
0.402736600175,-0.370397693252,2.96952018571
1.54008256779,3.44185313647,1.8723540853
-0.273628518357,-2.7322802302,-2.35940844002
2.34435463758,3.7593250652,2.06357452671
0.730543256397,-0.820038466917,-1.33399235937
2.98997005807,3.63738665338,0.133705079016
-0.417228572671,-0.895161058371,0.412521350799
0.40197443909,-1.19505334169,1.41105566462
2.19110204322,2.9149833697,0.0339539100252
-0.0663245090767,1.20622445913,-0.549786550653
2.51849480523,2.93649268886,-1.41208300411
0.784278577341,0.130930116709,-1.0747340552
2.73982788484,4.62628675956,0.112200515627
-0.0555873237625,-2.25488031289,-2.59588836841
0.0221560762413,0.672191861082,-1.690818214
1.54768730598,1.49999316636,-1.8335559111
0.550372552337,-0.327007730922,2.70392514497
1.21761622909,2.86453321616,-0.848560725969
2.36715261684,4.14298190239,-0.278751393435
0.192624846797,-1.51949047229,1.04213178357
1.85300064322,2.53877880307,-2.17089906747
-0.323654952961,0.755183588196,0.556114091615
1.64255915105,3.53426925641,2.38400476366
0.318501102844,-1.32929701784,-1.57299155117
2.9351797462,5.53738892911,-0.0896615900194
1.69251433029,2.68808600546,-0.258344774827
3.4150152969,4.66868059141,1.25552087173
-0.416772561594,-1.2548066738,-1.06610834647
1.98211640279,2.9583983692,1.42605244696
1.44241522215,1.91224403357,-1.47099024992
1.91573877615,1.95269810353,2.74457042269
0.0168872527812,-1.3493630385,-0.885504338914
2.67537092953,4.20281955081,-0.551819189966
1.68116155006,2.02789734508,-0.56340097488
0.113829623298,-0.622077941925,2.640458134
3.05879561519,8.21648447904,-0.797751931194
3.74597699349,7.37387100936,1.61472808636
0.223440507553,-2.93968507883,-1.89280119132
2.41707068026,2.87907825035,1.98052668634
-0.247793517365,1.59732532868,-1.71934920335
2.26598985347,3.34942593527,-0.36138496215
0.675323550223,-0.896054364701,1.63772550418
2.20078889821,5.40500798001,-1.766707678
1.79245239704,4.67080260866,-1.3277777118
4.36686758894,5.83472836003,-2.15777707396
2.23378380146,2.21179020744,1.47988125296
1.6060200739,5.07231414869,0.571701380351
-0.142354924139,-1.72962821977,-1.34173040616
2.43348044808,2.52892545045,-2.3878139317
2.12033641507,3.29112593078,3.78016931189
3.71747689446,5.50842524907,-2.17579943164
0.611241688323,-1.93206848497,-1.37063062955
1.6697998002,4.8542475714,0.61781238253
2.43391461996,3.86314546572,2.49778566123
0.256594036965,2.80242905075,-1.38408186036
0.40192588372,-1.53181321416,2.05513765103
4.39479022027,4.84358352256,-0.0252886268605
0.751547064764,2.07972172665,-0.292894376605
3.80220536039,4.04678460309,-1.15841494336
0.0133562368956,-1.12781536847,1.77081133137
1.66563141083,2.06633802839,-1.91385934661
1.63552304124,4.19730146887,0.700082328724
3.64709550141,6.49162397904,1.60177462105
-0.193065303886,0.932297503985,-1.0368895023
-0.661171697166,-1.364470631,-0.607213065144
2.75402108459,2.30743307833,-0.676309947975
-0.7681123423,1.47276733422,-0.327542236584
-1.37727329489,-1.20912263393,1.50093135319
2.89293307161,3.83597057201,3.0044184856
1.69196663787,2.93803689756,-0.729921562516
-0.840191618647,-1.4357973977,2.77958186277
2.58982359235,5.12403984772,0.295438592903
-0.482087490597,-0.364231198201,-0.18760521955
1.32946834108,2.08169909699,-1.6574676064
0.885967828812,3.02341482002,1.64793400227
3.54808878935,5.97107772746,-1.90408031437
4.40297890034,8.1061431638,-0.92085410173
1.08429943684,-1.9812991392,-2.2007520973
2.23378556453,5.68870711262,0.898139130675
2.4350671096,2.52716887848,-2.4187142532
0.941712717519,-1.20343172026,2.36458491038
1.01728468165,2.31089138411,-1.67115119346
2.24803467072,4.06501726981,-0.908247034611
-1.44382752124,1.67754162731,0.867750165854
2.48799734429,2.4218076922,-1.91452122511
3.34436115203,4.75383065144,0.232941230354
1.12062947909,-1.33313320155,-1.41503906996
2.12619309802,3.94311325287,-0.103771961886
0.543978127596,-2.78298836949,-2.46539411813
1.8956363136,2.49105413137,2.11368830711
0.466510159635,-0.633775968945,-0.927561625857
1.73634898536,1.45408023173,-1.857383104
0.0828135720796,-0.711729560125,1.74358865548
-0.590219234179,-2.00875049834,-1.3606043831
2.62096593536,2.29830965569,2.28146510407
1.62127468374,4.75218928015,-0.0159123644278
-0.436375869745,-0.133904883807,1.1816810213
1.95623458361,3.20063805586,3.03535886146
2.81105177837,5.11113703225,0.102178268772
1.96659475918,4.07214776165,3.26387925231
-0.202907460641,-1.86541588223,1.55624582845
-0.268289606865,-1.00211900228,-1.91938042245
3.11342187301,5.75104316937,0.777550110384
1.949159044,4.11624866852,0.550193731324
1.84756680321,4.14516377716,-0.963095545632
1.72967852441,4.28123908527,-0.291387612975
2.1181083853,4.39134961541,1.23676398367
0.531823011283,-1.14028798616,1.85819055942
2.40064676612,3.33305237575,-1.42973774675
2.47638874151,3.27609476737,2.135992757
-0.0203113012264,-2.26158870061,-2.13433030911
1.49870842526,3.47180136741,2.82969638633
2.01318879571,1.70147575464,-0.980554281182
3.28029123528,2.56519840642,-0.439918217286
-0.740916985804,0.742410815288,-0.573805764901
2.50923107354,5.50964186286,0.726021836204
0.31224300514,-1.82596710553,-2.62069594021
1.06110116305,3.92865722548,0.558599796592
1.04872635382,-0.24733177752,0.990858607369
2.74532942565,5.59892542941,0.90278056936
0.896802475777,-2.04322227718,1.69049283819
3.05135176049,4.28919836783,0.299392491625
2.43754831151,2.61932935721,0.0577424303938
1.13764425227,1.07341302939,0.563908474757
2.33432604683,3.25403140413,-1.82425550374
1.4457323543,2.83706001117,2.43257169167
1.52275853703,4.75204197403,-0.775952441813
1.02799443089,3.63425528995,-0.586656967329
-0.158741234895,-1.84980462208,1.3199079779
2.85485393651,1.77792583419,-1.10091422236
1.00448279247,0.264040114369,-0.553936164826
0.428894432726,-2.1320772282,-1.29624640295
2.08243603296,2.51608793815,-1.63249860317
1.8476367757,4.70628233288,0.197160046926
1.42789224705,2.74701849004,-0.794358951937
3.66720726426,4.45670427765,0.678332113746
0.690274225467,-3.11897317226,-1.44614813093
3.3016658597,7.37245430953,1.78161911658
-1.08147546956,-0.719947012125,2.08259571915
1.35128663416,3.95816261527,0.554839700653
-0.452744848244,-1.87470634669,-3.08791511894
1.72401707012,4.79499871793,1.00697889642
0.440263104994,-1.35464124249,-0.842382741376
1.52129434158,2.70287020955,1.71716739217
1.46970454757,0.876261994568,-0.287317825434
1.26591407083,2.65493561523,-1.03225279866
1.99408956217,4.2672324116,1.77332043147
0.488625558401,-1.02229762583,-1.11189300679
2.08376274322,3.48432566058,-0.0420404716998
2.71794465105,5.98430684349,-2.53176738889
0.978070934446,2.95194408188,0.459802962234
1.96433422949,3.52215671449,-1.10405083604
3.32931067794,6.65741580003,-1.92135429675
2.49668252636,4.95191395596,-0.787018148241
2.63851325477,3.85103633705,-1.53490403572
1.595317478,4.02974940865,1.76622592512
1.8454532975,3.8531089623,-1.28544242134
-0.810683494987,-0.107817910556,1.42611503171
0.192486402194,-1.60727143276,2.47824202354
1.31889733939,0.904378637992,-1.65169791494
0.727067126221,0.538982586309,-0.45140974142
2.04263052404,4.7526744032,-0.263253262148
2.07333248675,3.03397320402,-0.498289978301
1.19615868966,0.98480862662,-1.32271806172
1.31307005506,4.05961052544,2.9850502707
1.8010814883,3.56360877926,-0.896146492109
0.763628421246,-1.32479452308,1.41488743224
-0.0531514659884,-0.338542483652,-1.99368822334
2.19720549488,3.95683837676,2.05640893584
0.794025027293,1.10848213996,-0.880118283721
1.90535729574,2.54536951554,-1.35149317003
-0.721076639188,0.434886965878,1.82062237932
2.33695890041,4.11885131768,0.446149989506
2.96131289792,4.47670150931,0.237755312636
1.8740237818,4.68475048252,2.40150295088
1.81216642885,2.83113416639,-1.42398955548
2.51854923531,3.8976222846,0.603520214517
1.78396321863,0.788792156769,-0.994047608584
0.587391651017,-1.78887203715,3.18975793819
2.15194982429,0.519049251313,-1.38066614229
1.59364041947,4.56490732197,-0.585318334182
3.68837944493,6.2279731125,-1.56751318319
1.94049012814,3.57036636924,1.8199950851
2.40950586841,4.85095405125,1.41139643261
-0.172402544315,0.388405206203,-0.36726928096
-0.175295126606,-2.4873974081,2.47570656416
-0.262107596664,0.387113219,1.040923435
2.4762879823,4.29569440215,-0.535699622977
3.00080832947,2.7752589138,-0.702585800005
0.0668060331721,-0.0558957597074,1.6203954376
0.239269755797,3.6161950717,-0.619940540266
1.88846333456,2.45556943245,3.05549312719
0.423946083389,0.809621770161,-0.16651515674
0.015760342694,-1.5742942748,2.02624510896
0.127729089864,-2.40727149007,-2.33592755325
1.87579077389,5.49261254531,0.76449248148
2.05006299175,1.7897025467,-1.24290969414
1.22131998675,3.70710436259,2.48695372287
0.895889450365,-1.22518252909,-2.68271901815
4.14494893592,8.26303707792,-0.345516222561
-0.469584582704,0.652581612556,0.954372718927
3.36110422331,4.51974536837,-0.0326081275358
0.0719861968819,-0.19486965475,1.07304187505
2.310291652,1.11043344426,-1.0422035692
0.409485477146,-1.30761035087,2.9594700612
1.20031485311,3.22288639636,2.74828483064
2.04119759693,1.28251689943,-0.582889247623
0.539338370491,2.12422521155,-1.08325764553
1.19379083308,4.11198275203,-1.93667784606
-0.396934918363,-0.398082670532,3.06033151129
1.15593892998,3.4814918168,2.95773176973
1.9118358955,3.54639509084,0.573815093437
2.30200855823,3.13603867402,1.33239833893
-1.47112506097,-1.74044750852,-1.39452138223
0.940513817413,2.07512633551,2.33091922869
-0.319088821939,-0.275944677918,1.13604764949
1.32752913289,4.14444140353,1.5426023623
2.72846474348,6.32942309229,-1.50420478409
0.383421140697,-0.995057133998,1.60199412872
2.45738164594,5.56155909142,0.397861584132
4.55277626479,6.06424982582,-1.67384105894
4.83491246951,5.59642373612,1.50305290956
2.78764284593,5.63478520714,-2.2715790489
2.23261653761,3.54994920706,-0.346700201517
3.20807799245,6.5324993266,1.36657020554
3.06360087904,7.32618745809,-0.0791816165063
0.822588333839,1.90371727921,-0.0196350514407
2.31151648572,2.41943686328,0.0164297549946
2.00696076589,3.27425450266,3.47800177178
0.863145057709,-2.41785946222,-1.25689578181
3.60053893805,4.06358367179,0.314623275002
-0.148965718482,-2.02132368451,-1.94468976098
2.46071452377,4.7085550955,0.0174781945353
1.02790421019,3.74422882498,-2.40631992224
2.44990455952,3.82965836395,0.0471111003742
1.62280937384,3.33610104665,-1.04254740036
2.09409301091,3.75745346677,-1.48561691738
2.76943043601,2.54213432256,-1.66497775017
2.86387048512,3.33831711658,-0.55980851406
0.431720377986,-0.459811803468,0.0258340418164
2.30161353241,1.97235335271,-1.80425127987
0.777675514513,0.233786712725,-1.28855158116
1.62701073741,3.52934120065,1.81874614456
1.25201941422,2.01935548559,-1.90913721477
2.34666986653,4.43803064546,0.868701664744
3.61584453418,7.14084928189,3.17030550661
1.86221245978,3.71341715249,-1.44302458213
1.4368588523,4.55762771013,1.22161407234
4.07518121171,7.83693133413,1.07985502058
4.68255950533,7.81514331764,-0.81877303483
2.56380234004,3.00014516964,1.00759558774
3.49316100318,7.68743924397,-1.09017137541
1.70938736054,2.18220393554,1.4871992322
3.27986037784,2.56075771618,-0.823854047103
-0.0229744390834,0.223512011089,1.17310882649
1.18638648774,2.39886321216,-1.79004944763
3.51984159318,5.12728133416,-1.02543909022
2.08416005766,4.94246695947,0.0182828238468
1.8264605275,3.83361547673,2.33093723809
0.335655533466,-2.19429218862,-1.36716645234
2.3236902132,4.1292078915,2.99982647714
-0.0200502625914,-1.61073562078,0.870178481785
2.72391788809,2.90490299238,1.86504994592
0.772320443167,0.533388226281,-0.596456694924
-0.0377087871403,-0.523705153251,-1.56988692427
2.69010361985,3.78603590193,2.88065646132
-0.213012959962,-1.0568026195,-2.283829479
3.16239185812,3.28338199002,2.27688585247
0.333383148979,1.07327759617,-0.646725970702
1.92980568717,3.28114453767,2.97882110635
4.61516739203,7.67796404822,-0.606573759401
1.37125298946,1.5462759167,-2.09747981932
-0.423173099354,-0.726251694268,2.01746230431
1.92205386377,4.58571325746,0.0182344508925
2.5861779046,2.13957217507,-1.5137592373
-0.223730009759,-1.35186322766,2.35864371228
2.2736302236,2.76276074988,-1.0569137748
-0.760227081933,-0.607464772072,1.39239333101
-0.496527193497,-1.13098829082,2.03604974908
2.90606115848,6.67275343307,-1.74829765021
3.70079057255,8.5124634327,0.959140357243
-0.312206213051,-0.920218829057,1.80530816734
3.28578313242,4.54535845489,-1.25496093916
1.42625740018,2.55278607708,3.17814680009
3.04314195345,4.05423986177,0.874583128492
1.0708258965,-0.472595252849,2.40732086968
3.21178764839,4.61515245338,-0.0279021023155
0.63912513027,-2.20141896041,-0.818483734145
1.80147981052,4.45815518547,0.748046125331
0.34762607696,-0.232374680063,-0.139447034299
2.06854921309,1.22850644172,-1.5666781591
0.651878751411,0.177164279195,-0.28799986903
1.47473154225,2.30268435939,-0.57925457486
1.60444822817,0.613144891651,-0.109856245388
1.5950632675,4.84949635837,-0.50282033546
2.94930946094,2.76740690039,1.87526178418
-0.636984656877,-1.60811057839,1.9138121281
0.15856683749,-1.53037987165,-2.91418599771
0.896825445329,0.09597551582,0.0666158788395
0.599682094818,-2.93425858875,-1.93911759129
3.58794924668,4.37182806576,-0.2795102479
3.69531414809,6.07720220449,0.922050522768
2.12627450222,3.95193216296,-0.396824567728
2.51458437546,2.80455767387,3.66007741064
-1.39450438402,-1.0171623365,-1.33322607937
1.80319746768,0.87996471686,-1.07622095184
-0.0484172523517,0.0630144686714,-0.510304298408
2.09348754273,4.43007529768,-0.0848782992235
-1.26997370343,-1.96737340477,-0.859052286092
2.0317255769,3.7518506813,2.09440630321
1.25851602256,0.704089741309,1.27242176602
3.28954288987,3.99968136796,-0.818297332666
0.44188163928,-1.22143207173,-0.706395143789
1.97923382896,3.81746188158,2.18114066059
0.531461256602,1.60165240258,-0.63452525392
2.95222104907,4.81803340672,0.680041909533
3.15552810024,3.6004796839,-1.03623015134
1.77325061904,4.77500894018,-0.210104996591
0.197638675874,-0.134691960827,2.98477480046
1.79516131302,1.67300446817,-1.75487944663
0.792827490254,0.249001661329,-0.558910401764
0.386835617979,-0.0528727147207,-0.60221479481
0.0504494593159,0.447462285393,0.205767345033
2.11256500634,3.13314084335,2.71464780355
-0.371462442699,-2.48527704171,-2.55267531532
-0.166899350299,-0.427098438857,-1.22964572835
1.4138314025,1.4268047304,-1.81638018654
2.33069228107,3.05420414901,2.27880686706
4.56331029733,7.89002523326,-0.546953457813
0.706998280608,-0.838212309828,1.72625230999
3.46024344557,4.3753872575,0.398407467831
1.80826479531,4.00621407814,-0.210216423145
2.93784524838,3.1573615771,1.02495338939
2.01485475706,4.29487045356,-0.223499735611
3.73775477233,5.19488995616,-1.93823867596
1.83745922607,1.34611638359,1.73667235094
4.14086418783,8.33364628303,-1.69147728021
1.8914009966,3.75482070131,2.04945176876
1.6426366944,4.69642787112,0.412906151766
2.57783048262,3.99813066301,0.654177996899
-0.17080299897,-1.04988895465,1.08694806446
2.29058901077,2.6654961522,-1.4870878608
-0.867057993278,-0.10555554083,2.66403621268
0.2725397047,-2.43267337604,-1.48505185924
2.20411874564,3.01964850944,2.58756365642
-0.00990689464801,-0.0994189585493,-1.21084285459
2.54822235306,4.84422094118,0.381890414098
1.4959330211,2.82215677317,2.59780738334
0.364163359804,-1.12027956963,-0.218580297983
2.31180562078,4.47780165239,0.137424733997
1.5614361065,2.63425167103,1.05250089173
0.342943172494,1.03689829656,1.2085477297
2.52591173806,2.80365951925,-1.3828567469
0.57549193467,1.15051171025,-0.263689286008
1.75943824174,3.21215602813,2.13641703516
1.13987182634,-0.620121459813,0.646569684241
1.81601121718,2.46630303732,-0.587631773434
1.38418049565,2.57575496481,-1.33075158261
0.580422454839,-2.37224873425,1.65401903024
0.627090213071,-0.73055774114,-0.427148277571
3.3536599755,2.00749623275,-1.98450081337
0.113396745015,-1.5709423371,-2.06968608429
0.820500456315,0.308475807847,-0.777127629929
1.41535728661,2.74348053566,-0.0890233676883
0.20509784438,-0.67147471669,3.34044863219
3.97125381922,3.22608564255,-1.47909568379
-1.07521207574,0.872913050751,0.120577465738
-0.97592843407,-1.58037569052,-0.85741307755
2.60071623153,2.6613134561,-1.510200248
-0.309528319252,-0.248837557745,2.06507683033
2.84674685465,1.99279184529,0.262195671884
2.68606117753,3.41220699601,2.47662474467
0.137969001728,0.0279002895561,0.578821371611
3.89177110143,3.9885573973,0.476632724644
2.7578724271,2.74405112174,2.76364353167
0.875598021883,-1.0990119789,-1.98061923365
0.987288966758,0.288879835784,-1.17900046908
2.78030538291,3.98345182119,1.01423048991
-0.370842584041,-0.342529208551,2.8119897255
0.750506244292,0.532819169022,-0.651413065207
1.12822787874,2.39639871737,1.67178026404
3.82296028428,9.48103120197,-0.420437724608
0.106873194961,-1.08045284911,1.52242191853
1.61575704753,2.71180515609,-0.781588063631
2.36671795613,3.82243169312,2.70337730599
0.260529274814,-1.45653279965,-1.56758598108
2.0661934214,4.84674220952,1.27882154546
0.468459689007,-1.727583401,-2.53102880492
2.78780978433,4.70987364669,-0.622268981621
1.26149376563,-1.15269464895,-0.671396009508
1.1017487811,3.29819971401,1.69618810523
1.42558617124,2.46779076344,-1.02262078426
2.68000095396,3.66050924618,2.04461151954
1.81243176624,2.5833479259,-0.711744398236
0.647121634308,0.804958934222,-1.1884703892
-0.0458036700459,-3.22447139469,-1.25549280528
1.8092010554,3.32189665415,2.68674512529
2.25130383573,4.3066851715,-0.568563306468
1.4755114029,2.55999127643,1.55906336103
4.92701945873,7.78711567632,-0.212211617895
2.4739951769,2.7054108477,-0.881170014775
-0.0626805446349,1.29648680355,0.309643883414
2.00579897455,3.3975519107,2.50725347282
1.03890784007,0.891458897094,-2.97005933284
1.82623910207,3.7789937402,1.33872519925
1.00057455148,0.0687488345159,2.59049031476
1.02713135926,2.00952354944,0.0213754415957
2.89570010731,2.98060602856,2.06088508258
-0.509933942322,-1.43986851326,-1.43331448875
3.97092256408,5.66433552823,-1.66947197304
1.80421114562,3.17638550173,1.38901144305
4.62748202541,6.33773541157,2.33837272387
1.71383257943,0.933252583416,-1.79879547753
1.69819130519,4.58686591587,-0.648902917385
2.17498826049,3.18892061382,-1.92663933672
0.3106950256,0.0821140029962,-0.118863810196
0.59038592286,0.449630047523,1.10298902828
-0.303577694387,-1.93064882359,-1.96991988106
-0.0577007647216,-2.08658535145,-2.21835992948
3.08878320075,3.45226877261,2.19091046922
2.20071739124,2.95383247963,-1.74916635957
-0.230817810114,-0.125931203007,2.05897055182
3.76083604941,8.94482209626,0.280959842079
4.36535867802,5.24065515882,-1.34973687786
1.55521130556,2.70089187927,1.62506692977
0.329945610833,0.482322312592,-0.952928257497
0.41931000662,0.609066781246,1.94245121158
3.18156391452,2.81634092953,-1.27033292316
2.50967307579,2.85659134858,4.13430552935
2.05089007598,3.03006639457,-1.2480753176
2.03711559157,3.41646622831,1.21608606743
3.10417999349,5.03685319268,0.0809170891293
-0.372548722298,-0.742652341999,1.90775225519
2.109975789,4.01137751701,0.886314282051
0.455062286719,-0.108394486589,-1.17914794512
2.47963684163,3.48217322781,-0.164251436676
3.4852207746,2.35266445663,2.12777324172
-0.764186057009,0.266874487631,-0.400180450229
0.747664248798,-1.90294265206,-0.789003260401
1.48046329584,3.31385277386,-1.45449712411
0.0149491592877,1.97556846049,-2.37235912937
3.5765889317,6.29109712826,1.73207431173
3.28142189445,5.46260726648,-1.82071936798
4.73255723653,8.53656641726,-0.521773948929
3.31268379744,7.81267930027,2.01045268083
4.25971632225,6.12670563973,-2.97609940991
1.27317182256,2.73368778358,-1.1438892043
0.460995678059,-0.321848229832,2.11606158121
2.43399811596,2.16598282449,-1.27218467142
2.52940293339,4.91402091652,-0.262369218251
2.34065452367,3.15922974037,2.1174087265
2.51579697703,3.60345923309,0.886424832792
0.423996269596,0.537891869382,-0.880148919756
2.01240746053,1.80975785052,-2.39477804175
1.69496453106,4.22406627152,0.324242807933
3.20032894557,3.23612595874,3.02608837002
0.524312662169,-1.16568290627,-2.28774227527
2.07395193851,3.0234182419,0.142797586771
-0.0815544961636,0.778677107868,2.89814935438
1.81367179962,2.42641624414,2.71601022041
-0.390390926512,1.31013675957,-0.223581795751
3.55954045619,5.84167195074,-0.724884875809
4.49910045836,7.84708007932,-0.458457659439
1.14564802497,3.44121721313,-0.283405344815
2.82579434674,6.83156439858,0.95213417735
2.83615744683,4.63704176128,1.10893800935
2.34039989765,2.10879733652,-1.14936508861
2.60961252634,3.57158614251,2.5511970986
-0.327279145761,-1.85106337869,-2.74541815155
3.07008291373,3.2740671579,0.0903282316567
1.35603349841,3.3593214884,-2.31738037463
2.07038953624,1.50985759031,1.89206601695
4.2921917801,8.65672110293,-0.416911821531
3.51906272735,8.2524645662,-0.517763156504
1.67450291557,1.45829394471,2.51409825692
3.67335830139,6.50321394656,1.56935261649
2.06259983681,3.15144364944,-0.165803594278
4.38621641997,8.2213451133,-0.798348039319
2.6905337825,3.2105819712,1.88495566147
0.0404964439632,-2.05214417907,-1.38051616732
2.66626830919,5.37023205371,-0.0505884665924
2.01106661499,2.62223193544,1.94998553632
2.37389922195,1.34809491827,-0.96360259671
1.17050179941,2.44484887491,-0.127303460822
1.73813269512,3.24442241804,-0.8405883273
3.22510973669,7.06294118585,1.01228019605
1.43697120858,1.10088538221,-1.83292476497
4.93962742036,7.39286542965,1.60842264566
0.0714713829151,0.693365149874,0.71106979546
1.35523242526,2.675868646,1.51742879009
1.05343268673,0.920959402177,-0.0858711868299
3.37079048056,4.58356179108,-0.216795015793
0.394609881246,-1.75403995386,-1.33103464085
4.16339265299,5.18081124033,0.785749391013
-0.00147591106997,-2.22804506158,-1.22248403509
1.87026620463,4.52331113351,0.969548944143
1.66942379536,3.19539066129,-0.918875657077
1.3611113846,3.4679010892,0.977373904496
3.34178298862,5.5062245615,-2.68287851238
2.69427257029,2.46509604062,1.04738693319
1.93671552956,4.41729606575,-0.844968937036
0.329801779179,-1.94495536325,-1.41449436661
1.67673300601,3.495958378,-0.328586791486
2.35764952716,1.16575511093,-2.03040234833
1.9291692098,2.75111608986,-0.704850549088
0.788435187643,-1.98781795725,-2.5004828325
2.57872290197,3.40600003785,1.79499294179
0.520230949349,0.630158584696,1.72892991959
1.62949397371,2.31666162954,-0.909509760613
0.463754402135,0.172946240154,0.596970827518
-0.17976656358,-1.7681081094,1.55160645484
1.9139575573,4.02472572126,0.777300235379
0.532929042437,0.651692109189,2.20367421245
1.95078222426,5.94350642458,0.0509397993301
3.367081027,8.39161221066,-1.21368264015
2.28600267235,3.74683389092,1.66163693701
4.51722347624,6.038296694,-1.58041469199
1.65619506662,1.1797964308,1.41555259405
2.11507071423,3.23035629806,-1.36500394281
4.0509877922,4.69058630922,-3.11222261519
1.2297470628,3.25308569464,1.3594001655
3.41458802018,6.06594017007,-1.70133248357
