2.21972297423,3.96857942312,3.6418191011
2.18133128162,3.66966779832,0.112495742887
2.35951313748,4.35779217456,3.02457318399
2.02030124193,5.56866252789,1.58515812537
0.850433134003,3.90433463148,2.73173802125
1.42617841063,4.98960392112,3.866552675
0.120105421951,2.97294649641,1.68216047014
-0.18736165588,0.0881047173423,0.635023111409
0.987826202925,3.21161488986,1.01793336173
-0.706214210226,0.551321011399,-0.618301120085
0.484772371283,1.00280340754,3.59849100949
0.50659249957,2.19813834315,2.377228348
0.80477575037,2.0283655066,1.81535286153
-0.107448650891,0.910788824799,0.14867584882
-0.543725529635,-1.25509014826,0.619518351651
-0.449994780152,2.2351422132,2.1783189803
-0.532862477992,0.742563804391,4.7520025805
-0.670827757218,2.42624251053,1.70894200872
-0.410306210678,3.26381284908,3.13309340793
0.241457474978,2.81196866654,1.92448519348
1.33049668439,5.24573539871,4.39148829229
0.0392170678399,1.36573079066,2.21942295885
0.740652647755,0.697935218314,0.145605719667
1.07039455886,1.72711769453,5.43103723665
0.233279878644,-0.189045030426,0.398985280134
-0.614156530992,1.1537183295,3.61353276324
-0.947654850064,-0.234047394119,0.310243634809
-0.147996459784,2.17510871156,1.85077351834
-1.30740142071,-0.122540439638,2.01795065012
-0.428997704625,1.34345195399,1.93658073988
-0.670008166628,0.745286431349,5.07335880274
0.038707275221,0.621806958549,-0.249825495127
0.704757846341,1.61427639712,2.8456030076
0.862477877574,0.284162228238,5.0637464554
0.0948097461933,0.99313488203,-0.504054575299
1.90605394962,4.63190727712,2.78465886422
0.895207831068,3.02622158338,0.0923657997643
2.09504481178,4.95456590648,1.75314626157
1.53162806271,5.12088179464,3.8876513494
1.08368764827,4.69270355677,4.61303958878
1.62379892397,2.78390134038,0.639501794944
0.320104364549,0.286206693403,4.20967561943
0.0467918290783,-0.343784737853,0.703123664748
0.516115620954,0.493709056602,4.24836643565
0.252077728764,0.217227866596,0.480875728414
-0.634541765538,1.28373320042,4.9113851982
1.68315612609,3.73314174159,0.0448574219952
2.66163899528,4.93351399742,0.541102873637
0.714441657338,4.13120286015,-0.426631372251
0.126312482476,3.15340147464,2.07247539517
-1.35582158619,0.549650654374,0.453566831849
-0.756367049025,2.86185101491,1.04562347726
0.174499456095,0.951478615131,0.768697379166
-0.0707270191812,0.0751068283709,1.12044054886
-0.118859164709,0.231971899229,2.99387366176
1.17168922872,2.2684323643,2.63168952129
-0.233110457181,1.52587278986,1.57996505964
0.926580216792,2.27625551797,4.86743767345
-1.08918159969,2.08167606802,1.89366992193
-0.53370383668,2.65443748899,1.92375383234
0.692689704851,-0.434923258823,0.762056622207
1.10714246871,2.83128339833,1.06918864918
1.1876466027,1.04877154425,3.94191074107
0.349375165152,2.14951570255,1.95745226055
2.14547321283,3.04330748015,0.223489550638
2.46984283026,5.05021183993,1.56164655758
1.47493829665,3.38975962563,4.31991625106
2.15253700533,4.58844082715,1.90742111291
1.34324636092,3.41036327325,1.00151432004
1.46874613754,6.20566306117,2.3370207875
1.56408714849,4.61151367831,4.51826337394
-1.09575130992,-1.07607872922,1.71614548543
0.502975431319,2.91953413954,1.44689334385
0.441201368017,0.268358853974,4.86544408642
0.0724078183578,1.48989010728,2.03485207185
0.060585965315,0.496403964227,4.52684486393
-1.26752570373,0.122169053389,1.77312618499
-0.380290412124,1.61928016873,4.88780570568
-0.54912430929,1.83543253135,2.16776141197
-1.36692551356,1.59986501344,1.51393208746
-0.825903795871,0.16076904868,-0.0289635666707
2.36039177706,4.61846047264,1.821182004
0.389442238286,1.76855352887,1.21416062309
0.155166940874,0.307944816551,3.7003654064
-0.247357036998,0.0262425587217,1.80901068716
0.432450432286,2.17745478324,2.68939938645
-0.926700254041,3.11835445746,3.35839971987
0.440120817007,0.823238424385,0.751152088327
0.530396584446,1.77871391034,2.55859370962
0.760893747606,-0.553430166192,0.843879084914
-0.193385423101,1.56685171513,1.94598297962
-1.12624926387,1.65488166327,2.48566886894
0.285919258402,0.326005809994,1.14345100253
-0.300930504202,1.65900410517,2.32449146484
-0.124185477836,1.20914561777,4.10657227991
0.534485825755,0.612798796179,1.02204596602
0.257060888968,1.26700442272,3.88515820504
1.56174369643,5.50344956517,1.03738629384
2.09421972818,5.76839722764,2.20769795294
-0.0660946095304,3.88122783948,-0.321263177024
0.396550114201,0.731040429182,1.52240529296
1.9321747592,2.50644697559,1.12377347162
0.161158053595,1.7827022815,4.08535396112
0.0630359625525,1.7660897597,1.57902166083
0.439380666559,3.49434203548,3.48268541059
0.366331214318,1.92907320974,1.73701730344
0.935214660591,0.379589714014,3.32914509156
0.412384150077,-0.390645177637,0.649881652532
-0.217877897452,2.07170265263,2.28264844712
-0.762370159244,1.18805982234,5.14731263159
0.959804197934,2.48253105728,2.21530936384
-0.492173934245,2.1139732388,4.99370465925
1.40045493791,2.84474749869,1.9682240707
1.05242759582,5.68518741784,1.67050047486
1.87137954755,3.83645220825,3.65818846727
0.985548468402,-0.281700458943,0.476700027162
-0.396416171225,2.70287814921,0.872572304576
0.538431728502,2.52846106604,1.18113685585
1.22553895046,5.25632372347,1.59181878958
0.30645754631,3.0671422627,0.311505233897
-0.0649082076525,0.926273610364,2.14037998943
0.606805700799,-0.0525930731784,0.109856613059
0.610191442717,0.0818335568815,4.22560911066
0.911518820389,2.49295891146,1.78180942588
-0.15122258748,1.67041583337,2.17707514595
-0.521015038424,2.52874428686,2.90993500738
-0.659558883846,1.16255303475,5.67858109746
0.649349481301,1.60252503818,2.38505728745
-1.84590252521,0.412902564833,1.01208667666
0.101663714252,1.12581148551,2.99694516992
-0.032283439278,0.000478235835416,0.497411793779
0.0991477920595,1.42314947948,-0.399955575449
-0.25048505451,2.29045225876,1.6393321344
2.84131399222,3.71024712027,3.95932033703
1.68972592184,2.71695970724,-1.00843457731
1.01106569191,5.75511369776,1.07473535341
0.812406792107,2.66844182527,1.10987248426
-0.0333301020305,0.272122408473,0.531432477287
-0.23066391071,0.163484208052,0.61447871324
-0.202084254746,2.43274675007,2.50920042781
-0.511512550148,0.273062000785,-0.00850050646636
1.91218554068,5.16641203516,4.01473686079
1.06051974003,5.06503025375,1.94732025164
1.40193145729,3.05608464871,0.353573162555
-0.99817976502,0.363308450547,3.45456668049
0.388981754372,0.942168203288,4.45877614564
-0.245546954036,0.160489982957,0.682898077807
0.539356116733,1.26649293507,2.82309737803
-0.514694129964,1.5947856771,3.70326717757
1.19515606289,2.28888834136,1.14882310583
-0.208703062622,0.708662180267,-0.236897211752
-1.53200916705,-0.226007963894,0.562215010389
1.66261878087,3.1073814902,3.69951731135
0.982365568953,3.54767567811,2.09604494266
2.15049537716,5.53658881676,1.69930630735
1.52575151962,2.77054682408,-0.627722581487
1.86885217903,4.38611321671,4.57526901342
1.32392413556,5.34743768935,2.15958897463
-0.123716663488,0.810685198527,2.45890884029
-1.02345137901,0.404478593031,1.29172502626
0.427475955585,1.33474243327,4.82467957155
0.968837518417,2.00761926209,3.0524632843
-0.311296922414,2.42155585874,1.96013586872
-0.0298970019015,-0.322965448555,0.257508029169
1.12439220146,3.75818125352,3.80758372552
2.13248947669,4.78685795899,1.09543702699
1.42588316529,3.94499375724,3.37509116932
0.279251368321,0.399818803024,0.214081567341
-1.36423215429,1.37273472288,2.17836011295
-0.556234860822,1.73120801848,2.51836636761
1.08397422829,1.28606288541,2.01150085943
-0.903503449146,0.311427851884,5.39447038567
-0.853113119024,0.229168061997,0.117746434706
1.22143212913,3.35145807553,2.12995676632
-0.769007945903,-0.909835173644,0.642730225019
0.327183029381,2.82356748052,1.43916230939
-0.561805844695,0.0415661876819,4.5747477301
-0.0851237856212,2.51648887066,2.14658989008
2.5441377145,4.71420666435,0.770391654606
0.313228945828,3.67179983167,-0.328450670527
0.651652377087,4.47747283447,2.52931840241
0.835813114111,2.29290209145,2.18220643587
0.113556131011,0.996966652903,4.14688900204
0.610502322896,2.78913894181,1.95474408254
-0.695331987549,2.04558178385,2.97618063993
-0.0372863630543,1.74651456399,3.02993459194
-0.0246991438324,2.07869842272,2.42537345833
-0.270000196377,0.73124451864,2.05511661008
-0.501546397451,1.17252604253,5.3323318576
1.83828016781,4.87693669662,1.08604105485
1.95061556395,3.61953442516,3.84281896767
0.0170503773077,0.432272291691,1.18195866386
1.47222318527,3.28177335152,2.87472089724
0.125393045655,1.00596760053,1.09311051043
0.0108463425517,-0.279354677082,1.60453256785
0.134444892721,-0.630064954184,0.768329685826
0.397513656485,1.03708252891,4.75636565557
0.48809631172,2.94450008575,2.28566984608
-1.17080583302,0.229506330787,0.284488240837
-0.585029504326,2.14394105467,1.15091019847
0.218187991554,0.774684083222,4.45857136557
0.276125809788,0.327318908809,0.465709830466
0.415055110117,1.24407593311,4.02041995387
-0.21471769946,0.992624551823,0.312258280128
-0.278999261422,1.82707926762,5.16058547485
-0.786167433257,-0.0819874506932,0.412002856075
0.152789220726,1.55640012642,4.52044737199
-1.26973527229,1.13184228695,0.541571192335
-0.395007694953,1.83389242187,2.41801791697
-1.04024117444,-1.06584350154,0.583678796554
1.6493652146,4.13195665619,3.08385553917
1.74267871702,4.03129251233,-0.16859355463
1.24622040062,4.85139720587,1.18638461822
2.28242336684,5.68942007735,1.15283114734
-0.256894260806,0.592616637196,4.19230873129
0.104966352735,0.755301089796,1.22656846148
2.2521794904,6.24548462931,1.24250872162
-0.512452362846,0.50208506272,1.12629772148
-0.623339387378,1.43261453582,2.27620355196
0.117212763507,-0.166990700627,1.12564840597
0.19785088346,1.9354013527,1.44194483341
0.204588625023,0.957289431869,4.776362209
-0.205402912039,-0.836124562061,1.02001743765
1.56313490854,1.34846161778,2.92752587721
-0.259192315342,-0.231697540564,4.54623950846
-0.499165242555,-0.418506454724,1.0473258741
0.79381318944,2.27353013529,2.08153056991
2.09826898079,3.88720067134,4.71790664521
2.62998214465,5.09136222132,1.44821000512
0.089966085005,1.08605367844,3.85825355958
0.678423351826,0.362356914394,5.59195793281
2.10177548738,2.29243565177,-0.0157171235731
2.39465390396,3.43864945661,3.92810127152
-0.0238803695136,-0.626243811603,-0.380120365551
0.315399026821,2.11469203157,2.83928809873
0.797298905065,1.62307052226,2.27230140232
0.0228214499119,0.347960122252,4.87545595453
1.36242509238,0.721464047738,4.90640241485
1.44289262288,2.8850858634,0.25432987385
-0.149348007814,-0.185466939418,1.30089016041
0.41957223796,1.52468362553,4.76233591118
0.26607054077,1.65698109151,2.37016348257
-0.661039818687,1.18996278163,1.9381803093
0.0153096926395,-1.16723625582,1.16275039548
0.655070528781,0.875076323597,4.54951971355
0.068105039722,1.47928466876,1.51132856545
-0.0789339662515,0.306850822644,1.68056892972
-0.268138496363,0.965832199982,4.5739393977
-0.667005194167,1.77389867359,2.53758998292
0.0835600946919,1.73169377265,4.2849882936
-0.543320525534,1.5129798301,2.40288452681
0.0372465885516,1.22075294446,0.343216405426
0.83704079679,2.99873681749,2.4311046255
0.545978977311,0.433467224968,0.12505799743
-0.576251266344,0.4590711968,4.15452822789
0.65723931425,5.60507182323,1.41482568987
0.401332471717,1.17906764582,5.16968775337
0.214016264148,-0.422771408183,0.50952507978
-0.497493440503,2.18804704744,1.33514269397
-0.736703494646,-0.495053625608,0.483145054514
1.47217644579,5.46787624591,1.55082843298
1.37510363036,3.87030560578,0.560114592954
0.242916893512,2.2183949342,3.24579096947
0.140367618493,1.35707739411,3.74420849121
-0.225849271691,0.853150008551,-0.0423320613275
0.417604158175,0.408256558938,3.84732287486
-0.302868732425,0.168048071056,0.774439038162
0.664668001484,1.24578861015,3.46948495981
0.730672447272,0.388976962672,0.556557161505
2.06813879412,5.66674807638,2.00314623427
2.04725538468,4.55114554833,1.42849681603
0.778742468024,0.868671923814,5.01698904106
0.599747532898,3.08667144569,2.12242885638
-0.998088228951,1.86357063074,3.47043996635
-0.582687505866,0.108385225678,1.1832837419
-0.100741842326,2.79983930552,2.31656936839
0.189134323428,-0.363392135385,1.08965882473
2.32264881718,6.51662310541,1.40280999707
0.492137574565,-0.649405717558,0.794553652968
0.129901657993,0.070927113922,4.59688728525
0.7448073351,-0.642710476844,0.142852793812
0.782095420185,0.720521760264,5.09388329276
0.726408216419,-1.43518777331,0.105776751731
0.7952294899,3.10224826048,2.08406083948
0.753564995066,1.33085557324,3.06053990713
-0.86659414994,-0.256532051539,1.00480112327
-1.51739193165,-0.509929890851,0.188089855477
1.02962916095,0.794998253819,5.11826333862
-0.422398334002,0.515254649555,1.59418670151
-0.467363169716,2.58039823977,0.872605756192
-1.109451824,0.989767387417,0.149097729074
1.31060494525,5.23150926645,3.0484387496
0.80496066819,3.94081748843,4.03811027935
1.19883513397,3.18979983513,0.530507561013
3.42115079265,5.55152737214,0.948227868124
1.17498006501,3.68298366036,-0.485266648804
2.28067755101,6.80658232574,0.384728343406
1.79744025948,4.48924840655,1.19931687333
-0.377145667933,0.183755169117,0.600720315703
-0.369698705131,0.606657569945,3.44073647235
-0.483255758664,-0.57589378092,1.42260303141
1.08877959646,0.799677953353,3.84825390613
0.256901673823,-0.281075926156,1.18913733446
1.48767501445,2.79344445774,2.05625026073
-1.03576571022,-1.28757205023,-0.453747839204
0.112770878387,0.902866106848,5.15839912502
-0.301764652042,-0.0917065344632,0.917145063189
0.402575517063,1.51957220356,3.99872811425
0.441049128111,0.755213282536,-0.034575558909
-0.396851137191,-0.549107356396,4.11196629031
-0.24340648628,-0.571540337355,0.394202714342
-1.00512042639,0.0534075048416,1.15324834126
0.199020136423,1.25690958486,4.00281592809
-1.08611674455,1.62549070799,4.59662111279
-0.570592442561,-0.0191843669161,0.833078744311
-0.348882770995,1.72026753228,4.77998388331
1.24173620322,2.54124098979,1.67919626128
-0.0589079652972,2.08554375944,1.23402787441
-0.059568832263,2.59395987047,1.41652447928
0.370667931376,1.27585820505,2.99098809797
0.0126783225459,0.204095459271,0.711827388417
0.0100595364553,2.80523105261,2.83766858041
-1.0120163598,0.246261483331,4.06693630335
-0.778120317055,-0.347471320435,0.367368611657
0.645627809936,0.540083802016,3.91410133315
0.875737476718,0.111469458801,0.386323904914
-0.309858527744,2.55033214446,2.93969020189
0.390511461724,1.05366831647,4.02971771449
0.700089013391,-1.81672881813,0.661564431341
0.374639499267,2.45226912164,1.30187253747
0.555388696117,1.45362574049,4.07040802109
0.144157606038,1.1925612648,3.7292618361
1.11389988223,4.7051992952,2.37536398452
-0.128949471102,3.63133941948,2.15531946094
-0.541328153338,-0.69954555007,4.71897560194
0.199250311612,-0.598164204699,0.749268932891
1.38144432182,1.800674809,1.2917241
-0.149873244138,1.33269374807,1.70496877326
-0.821596932234,0.710986267945,4.3150320013
0.00783500122296,0.161082757473,0.525572348511
-0.163456511073,2.61616364144,1.93231641597
0.384397273871,0.486386409226,-0.849817202847
0.1155120556,1.89158843286,3.77586433573
0.529565306292,0.22378500299,0.519359235235
-0.892211266743,0.832499028805,1.37123934258
1.79464834219,3.57225377661,1.6206498898
0.390937021634,0.601207828759,3.65014508671
-0.589937276522,0.446436590581,0.507725152419
-0.768757068726,3.02611594159,1.77057757336
-0.142382527408,1.41640156881,3.70059837409
0.750748577155,3.03522360048,1.73923000759
1.12272079524,-0.0668877564493,-0.0550040701376
0.611864630883,1.65841567198,2.13226160223
0.402452937139,-0.485990191277,-0.472412013164
1.34785207784,3.9811137762,3.86267241684
-0.17845030495,0.319556413486,0.684226550221
1.21862812831,2.048466492,2.21193564099
-0.0175045079326,1.8401414893,2.65226689683
0.492124839634,-0.946397341444,0.314560682962
0.114357420809,2.14394923976,3.88604412476
-0.366592451331,0.928826048736,2.11493775672
-0.228807095873,0.449998950881,4.88756886862
-0.107341164309,0.219387475081,0.479190688251
1.15490853526,2.53258757051,0.812132364289
2.77463384236,4.71904384702,3.55301149077
-0.13433797474,0.240617776817,-0.353263141471
-0.643695901485,1.49824617994,4.19601646897
-0.412432850696,0.219895513344,0.659001644347
-0.97263617942,1.3456047752,3.91179663882
-0.815148864261,0.997270732819,4.18314086098
2.02886252855,5.49190870576,1.60526000353
2.19889353003,4.23444537342,1.465899796
1.31383698018,4.3783498727,0.36556517029
-0.0156485853073,0.893068226762,3.35407757135
0.164892207497,-1.40545323588,0.228841683093
1.06903707372,3.40377611902,1.42336915199
-0.17107489391,1.22601503182,4.25504473888
-0.246967379737,0.640834045254,1.10394551611
-0.714061439373,1.10383821891,1.4288854964
-0.0267473923761,1.48793496309,4.31163938424
-0.681357812014,0.870549674943,0.129663017939
-0.421600671402,1.53055844331,3.29514144257
0.312230199256,2.77220051892,2.19339539024
1.9238814779,4.15445341494,3.93983101153
2.21189027731,5.30341890408,1.1235179321
1.41439978387,3.66369145915,4.57704838445
-0.0147575960503,-0.194325670984,0.262943587968
1.03285595071,0.455777512589,4.29867197535
0.626368505829,1.32479361521,1.79642876867
-0.646188706942,3.22061225705,2.13539146303
0.109999560768,-0.105085827406,0.272545536229
0.282454681407,0.143178211506,4.95721480655
-0.365826659071,-0.76192264109,0.654621328909
0.290192698554,1.4929190144,4.19527629625
0.172280745115,1.51394421507,1.118783576
0.638489310365,2.75424454434,2.86751603523
0.0570455514127,1.38174642422,4.06502575847
-0.437679493235,0.345366922732,1.30392956677
0.699726889572,1.06863826817,4.32626232363
-0.706683104963,-0.163554808685,0.808327925588
-0.00465671259298,3.25426538523,1.17079962533
1.02686238864,1.29610971302,4.10715015988
0.807270621579,1.9294453455,1.77631080792
0.327947532655,0.8338566707,4.92640482129
2.49865164562,4.52103824793,1.99888398603
1.23541746436,3.83465845813,-0.416470663503
1.70213411745,4.75898207436,4.30580416291
1.04588003347,3.49731194369,-0.735397639037
1.52881221828,3.67674311218,4.5139725947
-0.0371756469856,-0.57901044349,1.33321626391
0.352408113551,0.824328698968,3.48999376927
0.529243738769,3.36724568028,2.54548532596
-0.145602473045,-1.36016950124,-0.190987041235
2.24120351796,4.86879629895,1.22252557385
2.2644527461,3.19012922835,-0.263789023178
-0.0604839629928,-0.938750635367,0.0593438441078
1.57739066662,1.38762265237,4.23155430332
-0.288305466952,-0.281251800483,-0.759304489319
0.256210116225,1.11390162209,4.42091871609
1.43813550008,3.92929468177,0.676468171043
1.57695803835,5.7155496542,1.50645369731
1.910316365,1.72866269578,0.419160963503
-0.806388345457,0.869482889464,3.59860992162
1.51519544996,2.46138970928,2.44616400231
0.539823782477,2.9218720955,1.23591443141
2.07018552307,4.75370241904,4.07071147651
1.43849017216,2.95497386704,-0.6020889627
1.95230774792,3.26813641943,4.37314746199
2.08257808088,3.77474772359,0.252562074099
0.594783957113,0.399891331757,5.60820520965
0.410204269895,0.595838424511,0.854659295234
-0.750232050995,2.77057727724,1.60414829669
-0.626868342374,1.52553318475,3.57315085498
-0.843073077621,1.94343299976,3.5782452261
-1.35697380724,1.07588080187,3.62285823892
1.76974542725,3.17375702407,2.89524011559
2.31402170928,3.20825744142,-0.0295031998543
1.44449270176,3.52069586885,3.55211312004
1.2366505437,3.14595159951,1.30139789249
1.64270008116,5.3994137123,0.948436227271
0.736221154765,3.50004888174,-0.00438724328351
1.44854036032,4.85290476659,4.05099176483
0.16233154932,2.19875457995,2.55584734672
0.0179019800147,0.303020776813,4.72796655994
-0.0976813716566,1.68115654346,2.15154140803
-0.0805617250446,0.220692838977,3.12482546744
-0.0108458250851,2.44428591887,2.58845863344
1.59233550509,0.867225228775,0.236552681858
-0.166371458552,1.4557067114,4.41903369526
0.195529668518,-1.06327647636,-0.225341429244
-0.757226134357,0.176739888021,0.609324696027
0.637970041094,1.78670353986,4.94424707037
1.36821266836,1.91484753161,2.61360873369
-0.518469907889,0.773907721064,0.407480469618
-1.20672754004,2.69969256167,4.58220893126
-0.536696080476,0.551027292285,4.14464498174
0.393985660918,-0.019805929016,3.36091460857
-0.237972488102,-0.483520837944,0.62536236903
0.760665000875,0.262652664481,4.28908635755
0.444353530984,2.37893780119,3.31085504648
0.951471090225,1.58987849954,2.70433523297
1.24698603674,0.75192354755,3.83564981992
0.0548823809444,1.35890199063,4.00236692587
0.424785470317,0.306895052021,0.650311533621
0.826559791327,2.2853331416,1.36663916372
2.15826852421,5.17575140925,2.42665876359
0.537868466529,2.40861279818,2.78201302079
0.381746001832,-0.0654473585874,4.36746671465
-1.04657324103,0.213892183003,1.3415988693
-0.935291928978,1.89871893856,4.37331835877
0.866391190886,2.31340110664,2.16087336313
1.27771479326,2.74380627148,-0.366866130281
0.150136813114,-0.489868876594,0.289162046613
0.227464925335,2.07365858357,2.07221884285
-0.0706854635332,2.37469547542,3.05261359236
0.404812913196,2.29629619709,2.40690673142
1.97106285513,3.40367507471,-1.51574637626
0.3662264617,1.24131671663,4.58958254475
1.25464537753,2.23908524251,3.45830163864
0.114073664315,0.929323190701,4.93553556609
0.766021610032,0.259949454722,0.945699680492
0.814937320606,0.159688903957,1.84542587052
1.00358045216,1.27838657962,5.3109305739
0.578995554061,2.53104794941,3.08815847681
-0.636341248611,-1.11954676695,1.24873548957
-0.192493543204,2.17929011248,1.31918487658
1.41343679304,2.99286202683,0.567761830043
0.32313179978,1.87079604208,2.04176433645
0.122651822079,2.24958132122,4.9311115051
-0.720261665268,0.277418652378,-0.497714359309
0.0761361024585,0.658720280925,4.53538119052
-0.056012170957,3.32529424239,1.35460061955
-0.699439890138,1.22355133286,5.09246780203
-0.364437398706,-0.528939395748,0.75943902844
0.487580826948,1.59116772556,1.3524044111
-0.0415543724224,1.44641328997,2.91345406225
0.245745217228,-0.423582814239,1.36704538068
0.958070173525,-0.77758342826,1.41148982913
-0.807183539709,-0.0403333030681,5.07536197768
0.110081727625,2.12383231385,0.980726256393
-0.0949570763381,0.284640741515,2.94564323161
0.151382108251,1.69166086346,1.44577338964
0.0543360034905,1.13023675406,3.89596690715
0.197269750225,1.45305745081,2.11506551649
0.217728707838,-0.0307978124072,0.379350385007
0.183339615913,2.17524027304,3.46162933452
-0.15805293695,3.01646276485,0.554605695216
0.00494014558562,2.04530246909,4.02257804061
-0.89576186597,-0.261480696905,0.631587155734
0.196478799483,0.944642283291,4.13482766115
1.18979865011,-0.464101438814,2.00893472087
-0.33531206905,2.96684903221,2.53360667454
0.569006534431,1.28693801103,4.51298077519
1.77885247717,4.95937182072,4.05122053152
-0.609717033501,1.15848492528,2.29018091334
1.59848372126,-0.612145458127,0.33660730727
-0.399254268115,0.795751519636,4.05682546903
1.15775838477,3.52088245797,-0.668310625638
1.44229773854,4.38672963418,4.02538091558
0.859579464377,2.10760191206,-0.0803921726466
0.287502017183,0.321029459529,4.53088558856
-0.73018642075,2.63545299227,2.27614398041
-0.379895216709,-0.175674949243,1.67454160184
-1.57084584102,-0.190541677862,0.764652430993
1.24286825893,5.2348574745,0.969810631856
1.16512580023,3.77106549596,4.27282376801
2.28963490091,5.93041248074,3.54855571448
-0.193125341346,0.125643218636,4.93611269982
0.678568663783,-0.174722007152,0.975917820798
-0.246367236641,1.57061100183,2.0169540584
-0.42890620203,1.12360655829,4.46443697524
-1.15692139569,-0.165168251832,-0.166106659569
0.528459928318,0.535125731046,4.62429501211
-1.18917524441,-0.602207202704,1.31814504068
0.757124793703,1.52272885842,3.70690238965
0.32152124368,0.46253264672,-0.0988902357793
-1.2525450983,0.157253903815,3.52982034095
-1.04184925593,0.72391469121,1.12773655079
-0.573938256826,1.90574001537,1.4177091269
-0.769102475518,1.769099765,5.2005767661
1.11352160372,3.21232549571,1.39794563518
0.686286465398,3.72325270493,2.31876885339
0.154065118585,1.91039418072,1.77112239547
0.762474417379,0.632021172569,5.60403000544
0.498707683469,3.18123708521,-0.130065595927
0.263206252272,1.68172806215,1.75141765068
0.101358872809,1.07179447867,4.37219459552
-0.704570328927,-1.15694882634,0.796476297226
0.465130908174,0.403640891226,4.0278055636
2.2157551621,5.65350652951,0.906874502567
1.7353217353,4.3832936425,0.63292800454
1.00412131173,5.0584723482,0.888728370135
-1.16911823873,-0.294026125315,0.297484261524
1.01055137123,1.98539080921,2.37773716251
-0.196214600155,1.25327997107,1.51716374511
2.11741096676,4.97159639691,2.66613001949
1.93514682199,3.51797744291,0.222734484648
1.78285347267,5.30708893597,1.265964213
0.710927508509,4.02416531737,-0.119031039582
2.1275371279,4.93785330542,3.11086952097
0.00313191142616,-0.0727972236812,0.685329005257
0.551010775707,0.774976036947,4.37583865516
1.24090551528,3.40968040109,0.258569810307
-0.693282769299,1.40967628757,3.29331471363
-0.444230949507,0.895377733328,4.38349785653
-0.240065995919,0.104013465242,1.15009465144
0.756421341647,1.71731181968,1.85346711344
-0.105695949889,2.36457683156,4.07950003043
-1.10501857797,0.600124349311,0.0112302910578
-0.342544786904,-0.847222016696,0.656736253583
0.7338015071,1.20625491535,5.10883955745
-0.786175108844,0.500524476042,4.2956997559
-0.449013010812,0.393851200488,2.06675117929
-0.617678502957,-0.109283883699,1.16781573525
0.292881090535,0.84820272281,3.53811216104
-0.570435929614,0.779852026846,1.37238839594
0.198777479572,2.75614616229,0.937183324296
-0.0953875248152,1.70156070834,5.15252712566
-0.279234878976,2.55028325937,2.7898716343
1.00148541286,2.56039831706,1.8282680816
-0.459183666721,0.33367978796,1.06158545792
-0.23876342182,1.59732248696,0.995808068845
0.453711732933,0.495511295789,4.70584261387
-0.228548276455,2.12571716713,2.81717326403
0.251113203528,1.45012647396,4.57514893412
-0.500616705833,2.57195825053,2.18704153086
-1.01608571157,0.119861651346,0.713681805505
0.155124349692,0.434375419629,4.62547423562
0.788040084231,-1.08535981049,0.158399065558
0.204450636183,0.731022112188,0.512165500701
0.179527149317,1.51635892657,1.80751220893
1.05959451687,2.07745576345,0.872101393518
0.0691729368832,-0.44936485009,0.797099711339
-0.391807107256,1.20904804692,2.41752188353
0.717729979132,-0.737392380333,0.933444098412
-0.064972775299,2.50250110323,1.99415547311
2.02946702629,3.23471138705,-1.2749155058
1.2177313275,4.83807587689,2.0101820317
1.76233737268,2.62803027374,-0.0849077929641
1.28961221972,6.39821706323,1.73446630542
1.34965289484,4.15275374198,3.6600648982
-0.593619194092,2.32405733905,1.55353831933
-0.401838577821,0.194736350348,0.381164669064
-0.0409291190347,0.668158903469,3.03407423562
-1.05874619451,2.2025261263,1.63236989432
-0.756281416012,-0.247262432887,0.930745103695
-0.133854091464,0.121938466041,4.47076431893
2.3296282972,5.18105902592,2.01501759811
0.204749436016,4.66771134663,4.5343487802
0.453938089969,2.65873926644,-0.0492219094142
1.10010281161,4.99999494231,1.53833861572
0.418249989355,-0.973582385405,-0.298575130681
-1.08240845961,-0.0905274734851,-0.997060710041
0.421791675984,3.27657711705,1.61435919304
0.50136190001,2.7293556976,2.30431093177
-0.111572859214,-0.344489811463,1.00869906946
0.0804970643168,2.86216970878,2.29243985342
1.56919572531,6.29120775515,1.64963623503
1.55679112172,3.20482575065,0.222615435276
1.98395837993,5.72786795169,0.0719310285256
1.25064833917,-0.393801208939,1.2290625901
1.10407317656,3.74305249354,-0.883767472882
-0.919113222624,1.41541313989,4.04983185164
-1.13927241711,2.26120444944,1.17558593343
-0.48916500531,1.04071073632,3.86360244453
1.61382817028,3.80039196228,2.03920664298
-1.01231604281,2.11543035179,2.54792213493
2.21255167844,5.29151486642,2.12360512248
1.72449112003,2.34649968279,0.764002332189
2.91849939256,5.31315804376,0.962022754231
1.54405549473,5.54188812631,1.41700579369
0.109723625296,3.11298063959,4.28377401032
2.94665885601,4.4511771556,1.02097738081
0.153103497562,-1.10685697837,1.10081636879
0.345489351434,2.95961436216,2.38877398629
-1.37406909194,0.307061284001,0.55889881947
1.56508239568,1.35980082881,1.40520206471
-0.273303219318,1.71561326179,5.06273516518
0.299079741119,2.42588995184,1.82978596323
-0.339668756655,-0.20019460434,0.277125670981
-0.185419489943,1.96454891878,1.32446616211
0.803422974172,3.04027481285,1.46478201157
-0.615137851608,1.82754296296,2.78896939666
-0.797142901923,0.36848817935,3.7306319542
0.389549194406,0.990359315221,4.30849512714
-0.635839686596,2.35290749873,2.44282742706
1.76060596843,3.63018621115,3.28470972511
1.94183340404,2.47688112419,-0.853609016276
0.0874843675635,4.85618984415,1.03641724862
0.226861624928,0.760646714366,5.06662133126
0.119945007369,2.39699324937,2.03145635159
0.834364993799,1.87374584613,2.63324248128
-1.73465336913,0.299513713071,4.27403753344
-0.444066735112,0.626017200928,0.0635369773448
0.77506678568,3.25481254976,2.05277404824
0.131230063743,1.06269277242,3.73270812947
-0.602857371226,-0.128410842721,0.0116277341069
0.121390435352,1.66179885369,3.37279120508
0.257891229368,0.251189363086,1.23831544101
-0.40862800816,0.595268026889,3.70041551962
-0.414587318675,0.0154599748968,-0.851040991109
-0.662471240451,2.75922941215,1.70120827135
0.758203048112,1.43001376976,3.88762934557
0.916275644737,2.23589504033,5.01113267096
-0.297041003299,-1.17636304323,0.182617102686
-0.224583728906,2.58642314392,2.19011971391
0.710249929805,1.28307022972,3.77119931255
0.465336719189,2.25432128213,1.90471264087
-0.525581967241,3.23868988456,2.8238587565
0.54150927944,-0.889069181883,3.60903401903
0.144881026186,0.589678948203,-0.537378941411
1.2396189789,3.08706060658,1.8031219312
0.573658622759,1.95442901706,4.06707051794
-0.850464258996,-0.331694793106,0.119290922509
-0.0955082292596,1.26238158322,2.77938432078
-0.558572500228,0.39875489932,0.454277615501
-0.209924838718,0.551035655516,4.47712207198
-0.670445364214,0.534188500419,-0.353970136289
-0.0452137797728,1.04319767945,3.32101862839
0.614693789339,1.29193393384,3.76211444372
0.507591920766,2.99156927622,2.10466795875
-0.816709928606,-1.73793660659,0.961013336667
-1.26777501884,-0.826343357351,1.55135043942
0.626831469651,2.11579875597,1.68175991534
0.456567503161,2.73033458129,5.28108479918
1.68979552028,6.0508865564,1.35333940129
1.44176419873,2.99171211502,0.140281168513
1.16960374306,6.6716013462,2.0833638596
1.5571678795,2.7869236162,-0.531475359136
2.06424876718,4.96616546523,1.16778938146
-0.318745130203,0.275155904815,-1.1271975713
0.0328078475026,2.72953947554,0.790870006775
-0.204143275877,-0.0417403257904,4.65474536568
0.113429599098,0.753157746406,3.21111971878
1.41412289717,2.66808461519,-0.411846451288
-0.470980583836,1.77342628161,3.00214411255
0.848132956863,0.333983632281,0.449017640212
0.68462741705,2.6369220615,1.86999632285
-0.169276197504,-0.0449106767517,0.980806317291
0.138204241112,-0.199237053857,0.677954407256
1.43971076872,3.87866372753,3.84582963542
1.64516080782,3.78562910567,3.69072664145
2.33125270742,2.05677783607,0.235280545548
1.62870797637,5.09252996583,0.730752463926
0.451922937712,0.329028154043,3.82404530173
-0.161278489336,2.49117597015,2.46834194128
0.249698636742,0.93836959512,5.52102179974
-0.0577044678332,0.508713223422,1.05861324212
0.337083859186,2.64821176195,3.14302665738
0.562471673688,-0.710323592093,0.600143174602
1.9177787686,4.4429301403,0.127660064517
2.38266867561,4.92717290217,4.22626670592
1.62487540691,4.57820087503,1.39890357365
-0.242919926381,1.83014594053,4.61719808538
-0.658187492149,0.963974249221,1.52942918564
-0.553909249604,1.66560374769,3.63478283239
-0.338413571622,3.56123970327,0.751506576755
-0.487168192799,3.54094853784,1.85991131095
-0.329775256581,2.14417308492,1.99889693289
-0.330104929234,0.597951253502,3.60450372864
0.878540460504,-0.0638583294597,1.15537578139
-0.253839594513,1.9295252807,1.57716521184
0.346115002952,2.91341407897,1.58392131588
0.106165957139,0.746454331082,0.181184468866
1.91372730971,4.07825857319,3.40824845573
0.333322230777,1.64224454484,2.01235999682
-0.0431921706373,-0.185302633314,1.48960644592
0.450260800429,2.82870952755,2.95040000392
1.00510496635,-0.0884283026504,1.32501605133
2.03770956281,2.70998488983,2.81572281584
1.95786491575,3.11886624323,-0.363390812163
0.316948900454,1.41196728902,4.58439477619
-0.928105257074,0.717141164975,5.07281345015
-0.17812909844,-0.0635637014897,-0.721907108763
0.820443115821,0.996141805219,3.35147492425
-1.06222139941,1.9922571946,2.53012366874
-0.344205040524,1.86578771591,1.45898126557
-0.166541982627,-0.835492446242,0.352414994209
0.974049817519,4.10006471104,2.21621668832
0.541457849085,3.56048809869,-0.42123554467
0.947409937305,3.02297203094,-0.0492365831523
3.01593198454,6.29029366537,0.672770753126
1.68950740736,5.52941071839,0.668895893937
0.347332822938,-0.0867447859846,0.502722734822
-0.313426255727,2.7222353813,2.20081091333
0.352633775527,-0.0905986652401,0.779116907631
-0.223019341054,1.54526261858,3.60920192747
-0.00903327372793,0.0374488687599,0.676929299783
-0.823366494638,2.16605508262,4.10989295466
0.180011318202,1.93943168357,2.2194690968
-0.411237748748,2.87073650823,1.2257677355
-1.33710105621,-0.40129997333,0.551479505066
1.29606469401,1.03700844732,1.63044938201
0.339915190615,2.28649563146,0.701612861849
0.0936343172705,1.95834952505,1.44796150997
0.724748167987,0.801371731531,1.30896874117
-0.539181863843,1.48382490071,1.19005126173
0.293900278302,2.44767319774,0.915837646301
0.344661493765,-0.374986352555,4.35745306321
0.201360564298,1.03499175162,4.1790748306
0.527437566132,1.10659228703,-0.131621100339
1.56443271473,2.6251657787,2.1773445388
-0.538100423945,1.0442557267,4.88541240399
-0.872228828603,0.105392157515,-0.0243132732906
-0.170904720817,2.20310002429,2.0335685904
-0.272449978376,0.668705567818,0.00278016749652
0.266433830907,1.66766647193,1.81270549615
-0.526037480248,-0.405060783761,-0.411517797349
-0.434068364399,-0.900155804593,0.616306533369
-0.0392963524613,2.45540555376,2.27206490893
0.105682757076,2.6248521419,2.47159479949
0.451805044952,-0.033226601529,0.900757024663
0.680860761694,3.23638164905,2.34899293512
0.305633960451,1.11321570565,4.6045689055
0.0732821922614,0.224809243427,0.0483172470618
0.835633442456,1.4082198008,2.62123485444
-0.557874068938,-0.251876845287,-0.0162514703188
2.17392834242,4.38370167697,4.24009667678
0.665988944653,4.08047179462,3.11543778085
1.74739301637,4.94705296955,1.60930294048
1.33417410926,3.52332419323,3.70314146045
1.75672591557,3.64214749234,2.21232429485
0.435756557972,3.46840039083,0.383072839145
0.753828131528,1.46735939091,3.14863617988
-0.229193429427,3.21087192132,1.53768254578
-1.37581338055,-0.550741177141,0.515083243989
-0.688389411835,1.71569750518,1.27689384302
0.521004283492,-0.141788727423,0.214923819751
-0.121984271457,2.10598705728,2.51481139414
-1.16387100533,-1.06290664992,0.567476900277
-0.288230029676,2.09785174388,2.81791456722
-0.793011861723,1.42031960718,3.10161777974
0.759618648535,2.54131499558,2.60334217051
-0.0207012254427,-0.0987398986401,1.4846523447
0.982450562808,1.6436922292,4.61303803248
-0.0356120844811,0.151502458961,1.40331214604
1.09267893761,1.94392900011,4.27274602052
0.0583533037684,-0.119272745076,0.220182550018
-0.298883476893,0.932100428468,4.34318928489
0.45912301396,0.312948022012,0.314431437361
2.04100285386,3.54028269577,3.75295307176
-1.09059372087,0.625455810875,4.49086007748
0.542662314942,-0.51028374,1.19711687151
-1.47957707632,1.81710498016,4.12210667749
-0.423290004024,0.354321840234,0.906740605036
0.441039243605,2.49167892423,2.34469040696
0.0871069013659,-1.047947159,-1.42781447242
0.16493532843,2.73101939622,2.14175496485
-0.154220678939,0.591681536856,6.04382684697
-0.655148165616,0.38565214631,0.842194875128
0.667172040089,2.40264974248,2.56798055163
-0.288792265739,-0.532034386696,0.123093323691
-0.122557649737,1.86568235631,1.99606093268
-1.13801274133,0.0842534828541,0.534282176031
1.32462236103,1.91476103902,3.1938144528
0.365436718036,0.972884900459,5.06001877092
0.422969281317,2.24848331458,2.90773471253
0.189589341165,0.217380164683,3.13430313382
0.348353682608,-0.753398811516,2.12063145861
0.308050108993,1.78605028978,2.53258458793
0.213518330268,2.19667062654,1.61054080173
-0.126761789006,-0.344283676565,-0.0502107289927
0.393546751211,1.38097890378,2.13797056829
-1.07574814328,1.32115727126,3.9074318438
1.42538836928,0.932313024799,2.05882286458
0.200085074951,0.976302677123,4.61591838841
0.401031197334,1.81284099441,1.4645086836
-0.384711682813,0.978046762939,3.6988652724
0.478783492339,0.51352963336,-1.38453206418
-0.735738114187,0.182917588332,4.03063797294
0.846515370555,2.47832289961,0.0522447140266
2.08956055495,6.52661099996,1.20303283792
2.10027232013,3.89173343546,-0.643435025994
-0.108399237301,0.487742765274,0.0803685354176
1.15516923555,4.79143036462,1.55704022309
0.0311831362163,1.77521148494,1.79982139136
-1.67240773942,0.577643905312,1.53524847109
0.796438016598,0.742366247503,4.16764889492
-0.53917978696,1.52180798665,2.01793667221
0.205111008561,-0.512969351416,1.10625641734
0.542867236607,2.12162204744,2.32931895847
-0.444527568496,1.37050966449,2.28492057276
0.0208196494488,-0.296327348938,0.632893203622
0.730151096998,2.72779819573,1.37569804646
2.10198602186,3.29588756043,0.100524255113
0.963913850613,2.02058090002,2.79951674622
-0.940631436973,1.27123987541,-0.0837575050537
1.18679096477,2.84573656503,0.210136107072
1.0303064839,2.17090536814,4.06048767336
1.88416900161,5.94936739431,1.76325547097
2.68877325161,3.41643130726,0.718352491831
1.43421329693,4.74916059832,3.33691497478
2.49037773655,6.28011204165,1.05427894899
-0.515548523058,-0.52180529015,0.473956457409
0.785126599612,0.031418681792,3.60137553159
1.91117509601,1.13461105792,1.89567099677
1.67942794753,0.67333868681,3.36256375741
0.392926963674,2.86029179153,2.51333660515
0.0463209043992,3.28023323805,1.427185302
-0.894242838116,-0.818136170204,1.62160407371
1.18665720911,1.02920923665,2.34210749029
-0.821011014099,-0.289905883951,0.806899363705
-0.00362520418809,1.51863805771,1.59795656345
-0.377990669567,3.13042328206,2.97895874989
0.401349826581,0.497593488489,3.06134384987
-0.762507695608,2.78534625875,2.75544865636
-0.0889810538159,0.0684615531004,0.915590327245
-0.078967004196,2.38120507665,1.64667853804
-1.40046434481,-0.169478400649,0.98001141891
0.580445213695,0.821328173819,1.91969808713
0.452940505525,2.03446308627,1.91329749568
1.33486388745,4.28317239047,4.28901275662
1.43562086192,4.36970140209,0.973961066329
1.55063572422,3.40827368552,1.33984415592
1.05266087411,4.32477785333,4.07448492782
1.18496409188,4.44086208565,0.908155992422
0.952073072679,3.97094333991,0.448751854134
1.62006710422,4.81435282111,0.712362089249
0.805533510474,3.96351184581,2.96902618872
1.69774608902,3.83345971274,1.06137884842
0.39058457825,-0.22234137329,0.467655568218
0.106872722978,0.619184519516,4.40217195008
1.08377081114,-0.309686934238,0.411935552892
0.628866096365,0.00713837637614,4.08883685149
0.903657366632,-0.703540062551,-0.315087620776
2.60120392525,4.94777670564,4.60078451946
-0.090019095976,-0.551308639588,-0.262538102538
-0.253103881288,1.92608652033,2.18285790871
0.539903452828,0.513712289651,5.17503419386
1.06935798611,4.05278725269,-0.586471890015
-0.366720579455,0.690863744634,0.464343275196
-0.245710866934,0.959169029591,4.25337971588
0.186471000693,2.96835194243,1.58948653518
-0.571747244229,1.8446587941,2.00077024041
-0.844852283719,0.118022231423,1.1360476637
0.195600942869,1.18266020217,2.29849884973
0.684680990506,2.51653757596,1.9465943834
1.35795847372,2.41880037866,-0.651705007746
1.03070949969,5.36980435703,1.63863467123
0.68659526127,0.731781401205,4.18444901828
-0.807312041439,1.31565415897,4.56568584053
2.18269286979,4.71086539599,3.96139690261
-0.0643130976814,0.472130014827,4.40458375674
0.626195651949,2.76345483565,1.9054639391
0.0313229507448,0.489408362351,1.10725425642
0.364739752294,2.75054199299,1.80391578122
2.73611346312,3.77742838474,2.67970695691
-0.830272031526,0.302083118588,-0.409301697862
1.19007359664,1.18613617842,3.92136755039
0.0314806447186,0.546517571362,3.04424404601
-0.505301593457,1.70294975137,2.83787988276
0.962103648901,1.96072157541,0.19351900906
0.522611493178,2.74973696623,2.42303720005
-0.286212869063,1.25322526382,4.65280267155
-0.27130288321,-0.0743457149921,0.995602539203
2.27619351262,5.6143789095,1.84391132858
-0.873796253134,1.38554089817,4.40007743195
0.0170715380222,1.72335607888,2.17947768148
-0.664338139616,-0.239875421925,0.662883809853
0.608970306141,2.0847028043,1.29703231215
1.06186356063,3.12651064431,0.67955118809
1.58825131058,4.88270140068,3.6997405369
1.70532070335,5.07546151406,0.449670207712
-0.182119613668,2.54019533388,2.26160797027
-0.689860788938,-0.0589679209141,4.32222920911
0.204249402865,-0.549784380178,0.684559441079
-0.965729878332,0.779354391423,4.88382940403
0.265223086736,1.80814228641,3.84720820555
0.883541714933,1.48420740107,1.86444488897
0.0850405956124,0.708083395746,4.56473585247
-1.40745844725,0.210925545764,-0.478933358752
-0.0425564355918,1.23402786873,4.85377625448
2.29330642094,2.21827281668,-0.131655699398
0.844121906582,2.2596186372,1.583067996
-0.473111260083,0.604263831033,0.345041132132
0.553417970128,0.535638978929,3.49410367716
-0.531632327827,0.644530002356,0.520125120716
0.454461084652,1.45390413142,2.38612290365
-0.56867378342,-0.441475421293,1.03254352147
-0.167490411183,0.277691711504,4.16432205582
-0.0192510288015,2.04839696742,1.3206877598
0.211531047655,-0.306107746907,3.35611563349
-0.725445324378,1.47084299758,4.24972371535
-0.481376893016,0.478748132431,0.826658410089
-0.295496953894,0.38910683037,4.90128780776
1.24371325945,3.49161848007,-0.257387130119
0.7681404234,2.66515377425,3.65223642417
0.28946852033,2.81229364626,2.60288717187
2.01869322362,3.26047865124,0.0692628852354
0.386877114702,3.09094760004,1.15747207587
1.17740776583,0.0690269291557,1.19936908419
-1.0100039945,-0.667368783208,0.152650371231
-0.61083443493,0.989179951107,1.07822725597
0.663885210867,3.58336771317,-0.724939898733
1.34267134687,1.58412062083,2.1016263313
1.43558513004,4.13623767846,0.713069782096
-0.87259432998,1.40727681996,1.51430053937
0.593344961501,-0.968114135063,-0.319904114672
-0.976466589591,2.92915083054,2.0190421585
-0.657071879438,2.78487714367,2.47306919413
0.371748843932,0.476647147248,4.77264854011
2.0730313384,5.75420572022,1.23873165085
0.854685622505,4.70279433016,-0.208212833376
-0.493266692111,1.78897774422,3.0965613002
-0.440176369446,1.60847474518,5.1057552249
0.296063098467,0.532109356988,4.19009059736
0.705019356394,0.00262746240013,0.946429326692
0.0676401976273,0.186801601086,-0.0997536852293
-0.482031506648,0.0522488379322,0.583570812711
0.160156321332,1.28415714043,3.35854939473
0.526972877574,-0.962313254737,0.024100568713
-0.421888374448,1.94691020956,2.42326093689
-0.170168526667,2.6727804435,2.14776340111
1.28660076179,3.28335261576,4.16500101362
-1.56913534251,2.09167142891,5.65577088055
-1.14467925316,0.858286520028,0.338663936636
2.63745917719,4.20381440608,3.53776392904
-0.15393793001,1.76805444945,2.86546323759
1.23867628949,2.32718947068,1.24559890378
1.10178464468,0.962753828044,0.446553768829
0.127165237841,2.08192144471,1.30176871227
-0.353049552684,-0.097418604609,4.7191351304
-0.0204566979798,0.690715389501,0.10880391351
0.658527775597,2.69684251634,1.89572653676
0.64425582651,0.704469838704,3.45581746544
0.450903423504,1.51978479032,1.39848080398
0.931592195188,1.70867658224,2.10424282021
0.79481851414,1.19390267043,4.88208894834
-0.581801250789,1.20164529303,1.99766271166
1.11779050582,4.3343817641,4.0829106162
0.659648490114,1.22095060568,1.74617199947
-0.185087418495,0.690828403561,0.759824720271
3.0064627061,3.5909125162,2.91321605701
2.33992413052,6.03973394158,2.19223621984
0.321048854102,0.760060184528,3.24660940382
0.202307907435,2.8031789235,1.64639238746
-0.940893143561,-1.01422193871,0.638078147582
0.345374169978,2.85025365117,2.5248031276
-0.599518132642,2.15330605212,1.38687858557
0.0222926642328,2.03458669958,2.9330912777
0.0147444375096,0.790173642009,4.31691258257
0.592784968055,1.65222390917,2.04771595955
0.025295436208,0.61463478422,4.1882826087
1.70850128451,5.83774190512,2.17920394893
0.439851324723,2.17120348885,2.25014920536
-0.0779804294752,0.765033098501,4.65654189271
-1.12607280301,1.58228069525,1.25246191263
-1.20858256792,-0.625293735221,1.73433515248
-0.537529131472,2.16014550043,2.5214053786
0.343559459127,1.00837383598,4.97851790111
0.780309141902,2.77796518488,2.48058003846
0.521850229666,5.5247131193,4.53731556216
2.12495505247,2.5807789021,-0.111973648412
0.306568313857,0.645684675334,4.38030948603
0.84450265678,1.3385914234,2.63866864172
1.00855222078,1.64974423115,2.3134252175
0.797782321792,2.23936115222,1.68516722741
-0.508477795456,0.703786807045,4.26880905829
0.306714769591,0.304196625301,0.212297440219
0.924306450965,2.1514389099,2.44804673453
0.852160909543,-0.353008645705,0.277514739894
0.0700581327477,0.443589511656,3.65472227036
-0.263677527702,0.60240642693,4.10993286816
-1.75975032029,-0.449918249792,0.71588413261
0.372636873326,1.72276214549,2.01860017725
0.180034657801,2.36195872886,2.9669411493
1.27025667036,2.88039150626,-1.07859498366
2.16832083954,2.14178911676,1.47833803766
2.07087277591,4.41986014798,4.60164184267
0.634058465684,3.43559638271,-0.45552301755
1.29189506171,1.52183315191,3.63297300449
-0.455758927602,-0.288849453362,0.0229927561125
0.348993109633,2.18062850546,2.39569936376
-0.541346345283,0.0571359377735,4.57060154681
-0.382381445508,-0.575052884477,1.32728760298
0.408583993656,2.2133214639,2.31274481638
0.514424890085,2.20208769613,0.425302845832
-0.0818383098933,0.734499957926,4.20856832837
-0.0462703406161,-0.210441877143,0.102050616703
-0.522599105821,-0.559528645905,4.0755364843
-0.96424386119,0.415579628155,-0.0630726920214
0.607983980808,0.395887535893,0.453580061804
0.160577460526,0.233656225196,3.18798843053
-0.58690468444,2.56238577894,1.74257691289
0.324739974881,3.22070757243,0.607923881002
-1.45494020158,0.326919057134,1.76996665988
0.376531751605,0.116227318385,3.92239037358
0.64934884641,1.75508912654,2.00353572773
1.21115991536,1.06204804177,3.56636929441
-1.00367383928,0.100905761569,0.450117356115
0.647551483055,2.4620040754,2.05480028588
-0.633865584133,1.44848578805,4.8141080787
0.945076057533,4.98136307865,3.72931055937
1.22149577366,2.50609408978,-0.672084091069
-0.0781394563729,0.835729906818,3.00656337636
0.0667407778988,1.87626487031,0.540209340065
-0.209155775524,-0.278565039886,0.428016818167
1.52948765527,3.13747272979,1.30019967011
1.45251681418,1.84790371324,2.38700275022
-0.0991958120377,0.823271154037,3.50705603853
-0.236914839739,-0.00636381924588,-0.62952969477
0.1374232508,1.67922742868,4.41529138789
0.987746074551,1.98309884457,2.10799133309
-0.472499141934,-0.662620254138,0.199250567504
-0.315001307309,-0.906432885917,0.502207864811
0.721018868906,1.4938601918,4.67363750507
0.779514143189,2.38524292373,2.45398986805
-0.224325385029,0.765556810058,4.53829526101
0.642951612107,4.09973759438,-0.284172125111
0.649594010542,1.50222222869,2.30795945035
-0.194698294856,-0.129151366021,1.06575080175
-1.25482250139,1.28310451807,1.99346706023
0.161813705276,1.42888893428,3.97459978319
1.99865865872,5.2880174172,0.829197243676
1.72561017256,4.62472564187,0.372840253117
2.32647951712,5.83789329784,1.84336070525
-0.455677684424,-0.897801132889,0.946291046388
-0.125087094105,1.46473998173,4.4671850338
0.11203906497,0.0246623188032,-0.46931768877
2.43190357895,3.95775338076,1.01629461485
1.16332554019,6.12050827813,1.89397915991
1.30649620499,3.12536544745,-0.178455604612
-1.68973848264,2.27897688899,1.26859319894
0.137303072415,-1.52480969804,1.33056361827
1.14338647122,4.45356023028,4.03417306502
1.01123694508,3.19589472094,0.194041666391
0.591892654804,5.61935068944,1.15898995002
-0.728085796997,2.63655661169,0.878172537845
1.35539671657,3.1978233156,-0.452591461949
2.27416919676,3.78836316463,3.75285615164
1.96086392794,3.47772786408,1.71569126033
1.05255347054,1.70874911448,0.820132656546
1.07792147575,3.47257390845,4.50215922764
2.24339785149,3.28647643053,0.129695691385
-0.326343812018,0.553092780669,4.20788412919
0.492005074927,1.28966556368,3.02868789255
0.907266049044,-0.202068697849,0.574586486723
-0.212253517586,-1.24329045146,1.72085243401
-1.48533887817,-0.1955647828,0.778263764112
1.2607703794,1.28446167403,2.00730302416
-0.235328823616,-0.349592652333,0.348852884305
1.15802451215,1.54452540569,1.58601659814
0.143430049032,1.90463345571,3.90571910594
0.960294890977,1.2933162175,1.76686408194
0.628285918409,2.01373035462,5.13339340678
-0.042925527343,-0.978220953814,0.637898563917
-0.0169549261937,1.44724244642,1.76511603522
-1.06358868747,0.536072669778,4.40603511445
-0.801803097056,0.237143087181,4.58757575864
-0.487433649021,0.202180697063,0.116944163652
0.412210287078,3.78961964952,3.13124144837
0.507009127846,3.75216821838,-0.420391155172
2.08317258241,5.50868477343,0.650680770752
1.385372988,5.19102095063,2.35106464107
1.89329166806,3.10728769427,2.47159145185
1.16042044752,4.95216392518,3.14780472273
1.15452067581,5.09529312289,2.13096674159
-0.267651970649,1.01178411874,3.50200650911
-1.56394814773,0.261847652103,1.37025794813
0.271860043466,3.39533323603,1.53168368977
0.237519877323,0.734555797396,0.435512407689
2.23645051654,2.65967298005,-0.0275307645186
-0.109457440715,1.74609644381,2.16023391577
0.0295659139707,2.30046488269,1.48861250013
0.370989818882,0.429326960762,4.45134993549
-0.000305663508638,-0.590463279683,0.748579995646
-0.611283053121,0.694337011477,3.81796627564
-0.252320977717,0.0401986855784,1.46857609483
1.108132501,1.64741648029,1.39842695236
0.176791656395,1.67056879684,2.89348790473
0.47522384308,0.0798426663259,1.30710509256
1.90061360932,3.91922221081,3.83818720243
1.44228596657,3.11357843138,-0.379734841847
1.72421308821,5.11098627985,0.619646104298
1.84855448658,3.78843596569,3.57899974449
0.750692119352,0.131356571957,0.96561994192
-0.53618748707,1.54145964167,4.6743027189
0.944490665341,-0.305775880176,-0.0819435364826
0.893050269304,1.31511612267,1.43429916093
0.565921021853,1.35060185257,3.05061826996
-0.565301097437,1.14050940827,4.31390400462
0.089901642523,2.06238555022,1.57811302677
0.108387270549,3.39436773899,3.29840841346
-0.418137012712,-0.5333817763,1.26645069017
0.0142045307347,1.17298457118,0.756382794564
-0.92050601943,1.14295407867,3.42820508313
1.22480322696,2.82908584116,1.33063362622
-0.0112495756245,-0.310969893566,1.05487702051
0.808491035096,1.7414238736,2.73433139897
-0.3229158033,0.646419233752,3.89062568033
0.262977824448,0.943945179191,1.95209684467
-0.464188248759,-0.100467806358,1.11964638242
-0.143864707088,1.906162946,2.14115261728
-0.863362568138,-0.00892360548889,0.512012274709
0.462558183739,2.83606084884,2.44266979011
0.751855109918,2.98723566555,-1.13361590587
0.740933744874,4.20540588415,4.5896296583
2.98633470723,4.5468210836,1.68864047549
-2.02729176193,0.149196495484,0.888919493099
0.125664386193,1.8953317829,2.37518827034
1.92269457627,2.71775977886,-1.36478892627
2.56460142328,5.39124454937,1.31332452983
-0.199771411041,1.33562247519,1.9915993132
-0.75426090141,1.7468185002,2.40772602051
-0.381111330782,1.49712605467,3.89065695593
0.352301981065,0.154789427136,0.23362510069
-0.102398072566,0.39244565421,0.0967888474738
-0.141453253215,1.59531640274,4.46094763073
1.75093671126,-0.38131981492,0.33841013646
-1.18464895809,-0.423167538556,1.85835805332
-0.676919282826,1.50724349882,2.61437944016
0.552156214704,0.777205119678,4.25640157136
0.211207185059,1.76519957288,2.43124862409
-0.190669771888,1.04831749392,3.35643147487
0.420493265461,-1.05197741646,1.64194762145
2.56779502373,3.86098883694,2.72379377811
2.50921697179,2.86623114246,-0.0526607873279
0.984714515693,4.91750484837,1.54426659073
-0.503314780275,2.46784433135,1.5620522781
1.30275455936,3.17981458349,-0.0381844913211
0.947890558767,6.20856503509,1.03711552255
0.779878577574,2.61391004166,0.314003130441
2.69464610893,4.60199168852,3.05916470006
1.06140187318,2.38162629001,-0.208169812367
3.46355692249,5.08094352498,0.588226242918
1.64840042385,4.21967871343,3.56122297377
0.99938059234,4.95033078934,1.71355936524
2.09220504017,5.69497403143,1.87055173697
0.218783700123,1.31272120605,3.70775814579
0.143920887279,0.770936562753,0.334879614355
0.211224785575,0.963899325843,4.06437109697
0.691571682478,1.48842997679,2.98039662464
0.992170237948,2.52324801618,-0.33263545438
-0.59898702929,2.11306969073,0.784814222244
-0.946153969351,-1.11529391228,0.84187111746
0.785420268217,0.838333637856,3.64549462396
-1.47157987785,1.17242769348,1.01025627859
-0.175091539649,2.01354244828,4.2399591107
1.53907823971,1.46359108685,1.38940078239
-0.407758067111,3.17604342861,2.44577670168
0.699427945605,1.51903800875,0.49762739873
0.226998288026,1.44104564379,4.3615093338
-0.372717244541,2.45899777944,1.5055837868
1.23722964486,3.14345205942,0.0261742442985
0.259550305367,4.34903776248,2.76078919947
0.157083947206,2.58167213465,1.35144585928
-0.573556059303,0.00705202081301,1.85305986301
-0.826128239076,1.76915895221,4.29082846896
0.376822457928,0.229702931634,0.473432183938
0.805534260671,2.39408425864,1.18363256392
1.02847861324,1.43576515887,0.401843031109
-0.333792659662,-1.24599172712,1.32424085338
0.418323684329,0.437059290292,4.62408640816
0.268200827255,-0.267227361339,1.12473755079
-0.117516599557,1.22337774039,3.79483691882
0.381131806001,-0.0609459752782,0.0880979984284
-0.152215345688,2.48659502179,3.06354224803
2.11473889258,1.6886792766,3.89114863619
-1.08011941689,0.486370188617,0.651112193671
-1.07869814334,1.01076219024,4.31368816553
2.18393179211,4.67484063491,2.04031266018
-0.966827650301,1.66995481078,4.80427993046
-0.505515896488,2.16611101775,2.26449087031
-0.489274123913,0.409053378749,0.617389684401
0.587618365199,0.947829509376,4.33737637821
-0.145394903667,0.449076578113,0.3614230563
0.171464035699,0.372557938213,-0.114918636983
-0.017661285715,2.02306962035,1.6979284978
-0.4107190396,2.53104536306,1.5723776176
-0.295911865812,1.63351518635,4.35064464002
-0.938616586739,-0.242961255047,0.218874727518
-0.284707306136,0.187003266215,4.18602563745
0.189423418687,0.501069586945,2.96385683854
0.576920231202,2.27487759087,1.72999222428
-0.113789618196,1.51495485962,3.3702228401
0.103393748133,1.91093039,4.0149087876
-0.320659375341,1.86542455566,1.28716992599
-0.174736721526,0.459369075925,3.90096525498
0.0100249892122,0.430856215301,1.35693710118
0.819133793457,0.855162965066,3.47625883943
-0.554468406645,-0.375558393094,0.164751113492
-0.287118030824,0.507619497461,3.9869576383
2.70352439277,6.31868954142,1.10657164719
1.71347847884,4.00872977609,0.3208795798
1.81868292077,3.97212596377,2.91356805505
2.86341632903,4.42832054689,1.21894641259
1.28542693035,4.50268881197,3.79336910518
-0.074692621557,-1.04373315977,1.09022927455
0.15380005273,2.78238252726,1.2131249072
-0.517872801168,2.43033989975,0.262431444803
0.911664725555,1.78010028128,1.7903458889
-1.15360782914,0.730514455622,1.90948255698
0.180737188654,1.6408972482,4.21677605563
1.06054500781,-0.601171957461,1.48505263162
-0.416916442219,2.23260356281,1.76763152866
-0.341052616492,0.81004504471,5.45367109224
-0.320893475178,-0.621005956933,0.90809841367
-0.285711540351,2.82412208157,2.20979431933
-1.18445495396,1.50607451877,4.06638154511
-1.07855802722,2.16861414809,1.82215982171
0.21228148555,1.73691383658,2.33795541742
-0.224034292975,1.18688663388,4.59087123705
0.966384447066,1.96185952576,3.07942432784
-0.258914391875,0.885314635274,5.24546449891
-1.27971444747,2.35197895217,0.545844510312
-0.452692345424,1.11737678319,3.65333745855
-0.838779378716,0.67625416995,0.594986266891
-0.24439026578,1.83837217036,4.64502476692
0.145410050869,0.595405868328,0.132686000059
-0.759575335183,0.421257958267,4.10209321026
-0.625728865122,0.254789543519,0.106616798567
-0.865893944781,0.959972898633,4.25943527579
0.618477307093,0.511451382612,0.629537184308
-0.2033646204,2.47858344531,2.15784551111
2.01146537198,2.67531815497,0.126989823658
1.61697623641,3.56651367252,0.374898626934
1.57774563172,5.07773468985,1.62157894488
1.59012777314,5.65769329631,1.06472886312
1.65392869441,2.82120507742,-0.127954132827
1.68801185755,2.86605666031,0.1685558212
0.290453118599,1.53105488927,1.64465456508
-0.438101884091,-0.526085531145,0.546972792048
-1.0976232339,0.340646482946,5.05452184716
0.531494793566,-0.374779045033,-0.520795797141
-0.452404697731,1.13764639281,3.21085661911
-0.916176283794,-0.897909086302,0.895990379621
3.62886942569,5.47111061866,1.95164445006
-0.174392617136,1.98464343813,2.65649182261
0.251623627094,1.99984649312,5.6781969968
-0.656752478536,-0.183875792758,1.32072049629
0.468338970121,-0.150262860444,3.65254690986
1.06503689371,3.84005276849,4.47537868889
0.907122698292,2.42262775149,0.148351383954
2.30844678089,5.70492307518,0.530075146968
0.654574141614,4.16633257917,2.69663327018
-0.495043618669,0.722621980728,2.23272084732
0.525483238008,0.239182891369,3.93940336144
-0.122199491016,-0.418906527681,2.06076723108
-0.00845122292531,0.667548698399,2.38374414181
0.240687959371,0.360242056367,0.212013088451
0.102999526407,2.42080496318,0.741300931654
1.74155092242,3.94665352609,-0.0585441966371
1.27060901862,4.27806058385,3.68640824209
2.18491933342,3.86985280469,3.71228574053
0.7576660534,4.92871602256,1.68626154799
0.785726352058,1.92100890576,5.04855220695
-0.064076510286,2.05363404037,2.65059912076
-1.17096755531,0.872149947318,3.3876140547
-0.182250002187,0.690238702067,0.617284909728
0.229239127171,3.39829079273,2.64005028522
-0.107553792392,2.99814908092,1.32941720076
-0.0261379752838,-0.417122879733,1.67487945393
2.13447588633,5.99904664545,0.918147519786
-0.168829566527,0.32804240852,1.10646761057
-0.726207965915,1.96088287689,2.75616445018
1.28007062279,4.19569398216,3.00330715231
2.20271884592,2.02328813787,0.316517628805
0.661371616377,1.74520898196,2.75236229628
0.285103648563,-0.245090239031,0.533552243693
-0.0700435969442,-0.0929547462349,0.034932194637
0.430177717406,0.738048642441,2.86998415313
0.529718594126,0.639473539568,1.0382106208
-0.679638297245,-0.104587620738,1.87753503065
0.204583493507,2.36736214903,0.98305215222
0.822747593704,1.95546602372,3.24900357199
0.347164571887,-0.0344510026819,0.398937576494
-0.100126049138,0.109610656341,0.513690367788
0.0215973237073,2.33224441369,1.17746548682
0.715338861584,0.800326233234,1.16621823418
0.167508171695,-0.414908122292,-0.0667997478047
0.405070933046,2.06526351044,0.819040039617
0.260328890316,2.16045689609,1.83162549119
-0.612556228086,0.0940772507913,-0.414776680172
-0.725771381893,0.909917180188,4.82742988554
0.162417739224,5.40878184262,1.06471437748
1.23053992445,3.10169224816,3.65409104126
2.93208738602,5.43468558006,1.83742674565
-0.250450145615,-0.666322821359,0.666111174083
0.298267484464,2.14519668389,2.2212434787
-1.06331914413,1.20550745933,3.47627820612
-0.0364063860657,1.53613336873,0.915646086262
0.54706099609,1.3725627759,4.48184643425
0.450843625803,-0.777109841025,1.42510186931
-0.134094103556,1.32577667498,4.37474078962
-0.00775555074663,1.71219847569,2.15509451217
-0.307110121589,-0.123547075544,0.275492368975
-0.43092162174,3.19618412017,1.68342296776
-0.0389982459859,1.49249547768,4.66543396144
0.383692233179,2.79163844788,2.21036619747
-0.441818537668,1.102673461,1.03078612194
0.220726544113,0.99662626658,2.65114325896
0.108743669196,2.39757111502,2.73952846095
-0.0122487858161,1.93229218328,4.1441774291
-0.1384775946,-0.879391649807,0.0301344627432
1.54086616423,2.18365300348,1.49616977757
-0.171472311148,0.77482312509,4.0323180449
0.480426600727,2.6371854554,2.19296540898
-0.256813885135,-0.689081604818,0.859898712469
0.779828889303,-0.992923066917,1.59250115749
-0.780186059475,1.47112477993,4.71241631291
0.177276050644,2.61292875784,3.65938667528
-0.0776351572257,-0.0622026189157,0.817345775847
0.490759331993,1.30714692962,1.77874732718
0.30143721422,-0.624402633711,-0.0926856178165
-0.281597178388,2.25576902635,1.47222969887
0.735826639555,0.96345991676,0.367674531342
-0.665527179163,2.25753996725,1.83424431203
0.293757593961,-0.139174611115,3.70426244062
-0.941204129903,1.98265203429,1.07299291263
1.12655674622,0.375727463294,0.507741379784
0.963671760993,1.30562985799,1.3529468134
1.81427134256,2.11495022638,1.43441657621
2.05358769344,4.49824944987,3.27361032569
1.59172778575,5.02716125339,0.890664448053
2.13166672074,3.23223007719,-0.335153554257
2.30204640008,4.50294930852,1.11935226886
1.69775460604,2.14710323737,0.606732550218
0.862768779884,4.12707899268,2.60358849676
-0.672056009562,0.938860282167,4.73689472496
-0.79806392362,2.22940486818,2.40722356093
0.518761427,0.110200821125,0.725819837287
-0.114701143253,2.3574089742,1.44083215138
-0.778563723447,-0.498364608497,-0.491096033854
1.83260289195,3.97597572517,4.1107814531
1.81010086535,3.34310623432,-0.700013255172
0.606202587699,1.64274651339,0.847912613795
1.68920567359,4.08091123688,4.61864564969
2.18183968014,6.31784203864,-0.607243311419
-0.668025009688,1.36326633307,4.29570565273
1.52452765159,3.02707400794,2.52779145659
-0.832274331908,0.683998696937,1.0449198544
0.326309049811,2.44379824306,1.78120413701
0.532275100386,0.699793477554,3.99424961932
0.299422158993,0.00585492134114,0.564225690643
0.526524619756,1.88319652656,1.09844239757
-0.0947406195993,-0.888441538314,-0.449452772023
-1.20740377038,2.24678066292,1.94856368093
-0.187059819741,-0.407357925976,0.931740471897
-0.0918064918167,1.7444812977,2.45769599916
-0.845062627019,-0.565977473039,-0.162202131071
-0.447050282986,1.67628087106,1.797465943
1.23583712759,3.81093354502,0.846854060346
0.379155859525,0.15808669283,3.61469299035
1.05522873847,1.83632015249,2.51845049594
-0.890853073222,-0.406847867712,0.588055952279
0.00727725117278,2.31583604735,1.43260315201
0.470835863723,3.08810430737,2.0852425202
-0.317740045621,2.19426493254,1.29727577019
-0.987714066812,0.0989866382607,0.704591187976
0.814494515843,1.49331871078,1.02000543748
0.106582719115,0.400865077484,0.636134949955
-0.571211793897,0.336662552481,4.17414784153
0.133532738634,1.96410600829,2.04721394903
0.0773966571631,0.17504924893,3.44042788052
-0.969464140758,-0.231151942075,0.505033205216
1.44416640056,0.137653519927,4.15367268982
0.0317901339699,-0.86490561487,1.50886114507
-0.44505034492,2.26240147216,1.47434509749
0.000771736295986,1.23001834825,4.5723728028
0.854985287022,3.36770038201,1.59132362385
0.122207618233,-0.802753042861,0.781403461604
0.631286437909,1.28421907292,4.10499411248
-0.192485615264,1.50208142021,1.22033102386
-0.56835531882,-0.238629710246,0.656002879461
3.11731198916,5.3210271057,3.62681531274
1.50068729902,2.66048050645,4.34718206097
-0.0523922720364,0.747000127181,-0.824333344102
0.977616367115,0.867605726413,3.59382046437
-0.95567604373,0.0777317995396,0.519276578529
-0.499785791644,1.08934495439,2.54515113413
0.303714418117,1.43508883792,2.16377607295
-0.234157854089,-0.0156338219225,4.1688742693
1.30404715966,2.23807153595,-0.285959209968
-0.674434712049,0.799686632764,4.69640457823
-0.296962861151,0.581486545477,1.2264386902
-0.183815145277,0.406617808631,0.693555331621
0.148021238307,0.811954169182,1.96254172958
-0.319624008844,0.0523754406156,1.48079968638
2.46319052286,5.13654792218,2.00893568226
1.67200701477,3.51910074705,4.32499725386
-0.655856468784,-0.220639333961,0.0658424822171
1.58993868415,0.293584660841,3.97259930507
-0.492255635806,1.86620782989,2.30719462138
0.755251873665,1.0308306282,0.0877094937939
-0.0654756655774,1.4759407154,1.53257322685
-0.782246502974,0.503098620883,0.666353612951
0.118928281953,-0.663159921351,0.15680678764
0.739753578732,3.68037096103,3.78831514015
-0.906324881314,-0.233081527287,0.717698169689
-0.355789148524,1.11508235547,4.20496885924
-1.01730706477,-0.440727715374,0.386050058612
-0.124946312325,1.76134907016,1.51717386319
0.49370637532,0.60857241972,5.05704767297
0.301051961483,3.37570090307,1.72519375121
0.575854066211,0.770793556281,3.58410801638
1.3882370237,4.26431023371,2.96905734519
0.227293793493,1.94947377242,1.80754321517
1.48682610019,4.55389095504,3.08380933266
0.536305294021,3.11861518882,1.52491633681
-0.0121406909105,-0.596694286612,-0.709206574283
0.134904924583,1.87871968739,3.57004884011
-0.00956923342338,3.17814787866,1.08676954232
0.382394426604,1.37511384873,3.0793785263
0.618225235293,0.231745608224,0.645060809513
-0.153058275107,3.0661933248,1.99804717958
0.162439451698,0.33787652727,0.442680218125
0.0158606938511,0.621817618308,3.46725286922
0.510631430816,2.15976112449,2.38026137756
0.579541397977,-0.250590701167,0.725510323524
-1.14407441401,-0.143453045043,3.77648628476
-0.496138130082,0.33894357794,3.55300697629
-1.85384782379,-0.865952709346,0.567780508187
0.471414150084,1.71284531976,4.64218854011
-0.557416132761,-1.05980717848,-0.00355217982032
0.15574592548,2.81361613179,2.14140175391
0.380732391201,1.89824503104,2.2466971382
0.206683016275,1.71143588609,2.84070141569
0.373370875824,0.22767476696,0.56817835923
0.321960941216,0.806139528673,4.05167563522
-0.219937001734,1.29877628123,2.77037739736
-1.0194850413,0.685327941992,1.52902348523
-0.0700642454848,1.21513800399,0.946044490365
-0.18410991277,0.928656152156,0.247275871202
-0.120815058485,2.54875292669,1.67604185047
0.334576926841,1.00804388059,4.44039871067
0.215940898997,2.02884599676,2.57057629269
0.89687066413,2.26006446685,2.30554072581
-1.03023725161,3.16118135112,2.22612273309
-0.796235546878,1.77814460405,1.29191748834
-0.560611212049,0.925115657045,3.04844251134
-0.02806804601,2.97408785722,1.85274717739
-0.204679245955,2.29930718282,1.58735745341
0.63251904736,0.793471543073,4.95972155604
0.12376516789,3.56633681008,1.17121416141
1.86084762308,4.1709231593,4.33340440553
1.32285735228,3.41435747905,0.162174943367
0.300833515405,3.13341013808,2.69565414894
-0.892279207132,-1.46334869189,-0.462809081951
0.932258984294,4.619273373,4.3315952112
-0.63497905946,0.534885689495,-0.299051282697
0.806957587646,1.79741249509,3.87196181937
-0.424083191564,-0.00897949753153,0.0937147125575
-0.612357303552,1.90171261434,1.50549814502
-1.15112416527,-0.2583714153,-0.327869786438
0.221686067217,-0.390906380898,4.65297989349
0.536481950308,1.83001111673,0.949632522872
-0.658617905594,-0.45674197945,1.82347424828
0.272840128309,0.274606387435,3.69555324505
0.604866651238,0.0509700422144,0.561509062889
-0.485184712302,2.18695629716,2.07968943817
0.296188774407,1.10797251619,3.2027042614
1.70792769188,2.32202949396,2.22888147277
0.637640070423,1.13523804705,3.93827563279
-0.194005834081,0.0864677292716,-0.161888904683
-0.420414722646,1.88074423532,2.19463796847
0.785824971824,4.70387562027,0.497777940791
2.89351656026,4.26512143732,3.39302501477
-0.0258286628481,0.564191061041,4.06182628489
-0.127286045637,2.5529783322,1.33062702927
0.516840426062,4.44702958105,4.64768352178
0.393480135132,3.86108972427,0.286051757298
1.36708992623,3.02827083156,0.0748193866545
2.08642339742,4.28949820738,4.51758267595
1.88782891337,4.89456164376,4.07389490604
0.140988023501,0.235922572905,4.59814196448
0.198370558808,2.73683532093,1.78840090388
1.92425430666,5.39360942888,1.22197986994
-0.0689237967934,0.638030118075,4.52447989949
-0.521283792498,2.74390798206,1.78277219211
0.265515152913,2.65757038144,1.5401603263
-0.211238258645,0.83966238534,4.34963117659
-0.485371007762,0.547030770061,0.0114408422786
-1.51171639237,1.62249066501,2.65497694568
0.758877510906,0.449381748988,-0.12706240437
-0.669518464024,2.36196189055,1.72748253304
-1.57946258955,-0.906832150212,0.896293618556
0.436275638738,3.65083711558,3.11870687141
-0.510935604559,1.46077081177,2.78880876164
0.269865664054,0.334285881875,1.08692148638
-1.41932074796,2.16216127505,2.3812167489
-0.121621153574,1.26813105059,4.69146119906
0.410046813449,1.0885052616,4.20738428055
-0.0996239774819,-1.26534553167,0.468568945343
-0.0232438905731,0.137819038478,4.50678378738
0.710424827638,2.83039867936,2.65026534695
0.410835835589,-0.93429947784,-0.282823944214
0.245573174623,1.55526671413,2.68810852518
-0.166245319829,0.342938650736,0.429452305016
-0.519477891632,2.84648276301,2.00622773498
-1.1205724964,0.204772263471,0.280136036591
2.74347056793,4.70425964394,4.5826446864
2.3791402292,5.8870293771,1.72851340845
1.06289959473,4.75560187864,3.55797986488
-0.51868586062,2.49845241965,0.575447265147
1.3190836367,0.182844770132,4.24219384249
-0.37018834427,1.60001402929,2.14116838877
0.458666461144,2.0521063291,5.62919521216
0.830596252763,1.92328614174,1.93072823232
0.0615484884349,0.710909352451,0.235730273443
-0.487953360411,0.580049762582,4.20215756367
0.418222378416,-0.85706349301,0.534065167062
-0.613978162289,1.04528574035,5.45144209019
0.360443655392,1.95384063327,2.27589908795
0.614784886624,1.34272449599,1.66653031882
1.30810122407,2.99590892228,-0.474649767926
-0.0721466523756,2.16058760328,2.27579906772
-0.713971005125,0.255707016343,-0.505876957752
0.0648237113725,-0.411195419012,4.52793687815
0.106070715048,-0.624002229255,0.127133119624
-0.789508149903,3.37811327959,2.27085299147
1.86555382345,3.93335806829,3.58077613678
1.49625650584,3.20275995493,-0.508679594452
2.79319845549,5.67257630072,1.03422147863
2.01978418194,5.84059971902,2.64631269364
1.23493171225,3.48420019201,-0.287879633376
1.42669497834,4.03628985232,3.41504611272
-0.0646464770742,0.157871893646,1.2830552018
0.230007005414,-0.0450579229929,0.922450025172
-0.601708494428,0.484031268384,4.92705640536
1.51362810489,2.29424344844,2.45225505366
-0.39126880438,0.664962398197,-0.104107389967
1.10937427144,2.85462128665,2.02705132399
0.104376046548,1.48298135355,2.08175840633
-0.405032602968,-0.486869918653,0.0671781667595
0.573360513365,2.0082608027,2.12057324283
1.40016553609,3.36249051152,0.0590133908079
-1.0043231206,1.16102832792,1.49377759105
-1.01375252264,-0.172456696632,0.045390572313
0.401772347866,2.2387016976,2.61100481962
2.32410595181,2.39968852914,-1.3224452057
-0.162593843336,1.90041173239,4.89424712303
-0.229047305824,1.13127473847,1.52058671793
-0.128089914717,3.40622390195,1.77687180436
0.217943845483,-0.103661137805,0.743222013294
-0.195109226043,0.875676576475,3.58927390357
-0.165357986048,1.00754418468,4.49527785297
-0.408056982433,0.16591457669,-0.493795922484
-0.946018006792,0.581013042821,4.37396009864
0.85171295871,2.49506493859,1.95312512858
0.32137647157,-0.104141251937,0.242847582285
1.21145032476,2.02752275193,2.76365658452
0.374613009204,1.53756328433,4.22168980967
-0.489932807841,-0.0314094038604,-0.3159976834
2.01723218323,4.22512017001,4.38141135329
0.647310305776,2.42678592893,0.853861039272
1.22243200734,5.13116678393,4.01770011621
1.81954625909,4.11080283337,3.88298104454
0.624765572996,2.58272831807,1.79296472548
0.721194717541,1.03555963304,1.80852350971
0.46792717588,0.198061091553,5.02706058252
-0.244406183556,2.50458822218,1.01049149323
1.56223162772,4.11528369203,3.7489794086
-1.63816737072,0.50703483194,1.09992431319
0.0345939818604,0.243737699316,3.47214547379
0.0176706467864,1.3756416549,3.9539876007
-0.31928496535,2.09349967583,2.72162060184
-0.0949238549473,0.253038759294,3.64065671637
0.092982977247,0.655635222153,1.05352304293
-0.19851017237,2.62937054369,2.41417512942
1.01058461841,1.25554383692,4.11456379679
-0.303567176746,2.14790836738,2.64881367349
-0.600820004716,0.00185480727025,0.65109482556
-0.0517598959061,1.21807781593,4.34866066067
0.0109347308338,-0.166878084279,1.31450344758
-1.13613214612,1.12007640612,4.6911201553
-0.451518644854,2.75237188892,1.6320449168
2.41410988815,5.33902118213,3.76056897302
-1.16583084976,0.756009318511,0.555226895448
0.299475042841,0.617950274377,3.92140915255
-1.27004952257,0.831273433116,0.359506197263
1.42696602073,6.0787203509,1.09219087068
0.488941800086,0.775611764624,4.01907644118
-0.589130880027,0.536085885737,0.0823975673075
0.167685183027,2.52955467437,3.19313652612
-0.839331527655,1.47257709125,3.92113862691
2.197437399,5.05921516596,0.853440908014
-0.516539706591,1.01270566252,0.740763500345
2.30738245737,5.46038535126,0.792286324959
0.580090032012,1.26316841627,2.21661621375
-0.288242387908,-0.0037320486857,1.7570003249
0.826190030199,1.98924365366,2.77249954428
-1.15549184223,0.388069765443,4.25151150091
1.35133180512,3.15434277359,0.285007045046
0.697855565467,6.21018407061,1.70318544863
0.480579896557,1.90070933397,1.2723991509
-0.343012821555,0.74076840313,4.21887934627
-0.437575803875,0.068745638447,1.00901081609
-0.908573971398,1.65651739622,3.7581719891
0.871830282639,1.22657879589,1.94317282595
-0.347133385653,1.06840895973,0.634762589566
1.19839502618,2.23360038837,2.84497515472
-0.0130387881692,2.08194278884,2.71593295887
-0.500836266369,1.07919924332,3.70556995016
-0.460858215379,-1.27730384522,0.487763471962
0.941053486684,0.924506118128,3.22040780565
0.974659334758,3.82612510609,-0.627393031771
0.658847306078,2.5784990419,2.22841556859
-0.652227243175,0.642808179834,1.37859280844
0.587494844972,0.997995111992,4.15889287682
-0.268335404079,0.754410658988,4.22958971425
-1.10710269455,-1.0033847623,-0.298134072507
-0.0244013199965,2.5119101548,2.10959457747
-0.617248788402,0.352227110923,2.74439322837
-0.152788115954,2.33919669815,1.52373522852
1.87852420084,2.09242430669,1.51445629045
-0.786490215324,0.934940171482,5.46717601805
-0.584845111811,0.329157429184,0.270654355339
0.295540353178,0.832039799803,4.58414923965
-0.30040035029,-0.400567972394,1.26020574076
-0.504968709822,0.785367849098,4.50876334144
-0.648711509623,-0.866901520541,0.179438166543
-0.196539557653,2.17532366275,0.7392993381
0.536547038453,0.682209495497,5.34324180816
-0.897306413227,0.605842489844,0.800222823647
2.2022659039,4.00900438674,2.55411812832
1.29898784764,6.27054481104,1.25049682187
0.0530168238277,-0.612414106864,-0.0877899956663
0.326713266499,1.35858552787,3.98848080401
0.353999380207,0.757227583831,0.347434428324
-0.317580458113,1.82778925221,4.49037634112
-0.739784995758,1.3312576548,-0.25653916701
2.43832178596,5.83021058014,0.414619184105
-0.993509071517,0.466451507266,4.50306326824
0.283097855235,-0.67315117862,1.36696340964
0.172662265969,1.73749507695,2.91860719498
-0.495960650536,0.185573001244,1.83678189883
0.318389142373,-0.605300005689,1.27278820228
0.224024263407,1.3106712491,3.02953996887
-0.439888596772,1.99204912145,2.15494752842
0.576747352,0.766993028161,3.66797678786
-0.880373834013,0.166063473634,3.35786549048
0.695346731082,2.6643866293,1.96101585971
0.605235418918,0.840050334858,4.0601725853
-0.0600333999161,1.57218197557,2.10919134464
-1.22807282749,0.495948682947,0.895309273746
0.208666733611,1.69266962564,2.77890394466
1.23789069228,3.43041197351,0.414000711223
1.41538471395,4.58056712235,3.68826455674
0.89227769133,3.87844600285,0.48072260134
0.627527334634,5.37139998297,1.51752103454
1.50403596551,4.0410946174,0.151490331244
-0.23269638986,0.861185969863,4.49912578602
0.456691050017,1.42345453111,0.0474550912584
1.31399322771,1.73506217547,2.08302014288
0.854407257746,1.67984765532,1.80150345126
1.64546189958,2.93775461002,1.20608511578
-0.311157477689,2.68468424274,2.80651788072
-0.097444441797,1.38980945257,4.38812581135
0.00392099550838,0.949033876308,0.446241121985
-0.0917093990585,3.26530297055,2.70469427279
0.0274009553228,0.905593339358,3.03456028833
-0.232015191111,1.04419856431,5.01056896418
-0.378753100555,-0.631071071217,0.347786333048
-0.605507820198,3.0938850372,1.97038776027
-0.541619533327,2.52507470597,1.23413586248
-0.397283011919,1.2656932116,3.58941218314
0.222282274762,1.62100930028,1.30625029033
2.2652290174,0.319993332019,-0.304148216004
0.303428426541,0.785817697933,3.15282763406
0.249789025272,-0.402867716627,0.723224064424
-0.641499801305,2.02371916222,2.86762073793
0.450332669651,2.14999378813,2.42347293964
1.30322443711,4.14475934121,-0.440630184165
0.775126026932,4.60757352953,4.12153888944
1.2816914502,3.33077851838,0.162526262754
-0.626875551125,2.27515793782,3.20496961553
1.44270650846,4.07286809468,3.00519018068
1.8691255646,5.07034739982,2.51556668548
1.74632505817,4.17890874377,3.42845700512
1.78873046062,2.2402478582,-0.778921258482
2.47827868775,3.9564319626,4.01947089327
0.221535943926,0.219823906977,0.017964834224
-0.251574377054,0.75279215159,4.91593649363
-0.0104264691715,1.00821181696,0.550714041433
0.826224781711,5.09422887824,1.57882121091
1.56591823889,5.41969230097,1.71742010841
0.0512311828785,-1.39460005554,-0.126378834646
-0.720238009549,0.745175522652,3.84908869748
-1.03814231539,-0.0310803310903,1.52565601676
0.413282562,0.869076337772,3.31167922225
-0.111875618403,2.95402262725,1.97308504488
-0.10083581022,3.14590078142,2.32102218643
-0.135293004753,0.379849153198,1.30541140108
0.0421195327599,2.10652259001,2.35817853997
-0.60999937015,0.11089428185,0.168766225816
0.145829815446,2.58847812409,2.04011182942
-0.473490965576,0.846004003784,4.24445768378
0.456243592225,2.01455923132,4.22890539984
0.0698601928443,2.52676382898,2.22257950555
-0.273741189595,0.806781951726,-0.82492431079
0.0176769403169,2.51811961295,2.5219519253
0.0738800410275,3.14590596565,-0.43054050956
-0.425203458237,1.1937351122,5.01453812006
0.0212816749126,1.8537607078,1.34813282784
-0.0540476896667,0.741642534753,3.54551322219
0.234029503405,-0.235059498046,-0.00299508294953
-0.333737210629,0.510076293389,4.40093302968
0.124670300962,0.147241554802,0.446695782231
0.153372472026,0.344544396058,4.12497217963
-0.48915521161,0.139030407827,0.845669072273
0.891403551963,1.31536332706,4.26413124293
0.119668493663,0.792754173223,0.874698056308
-0.713784826269,1.90430516808,4.8007725478
2.51268336493,2.62206705307,0.400950641835
2.0565559324,4.94773895576,1.48183551074
1.71274299215,2.35542197403,3.85107598622
1.46147900516,6.35111113057,2.14207608908
0.768811717264,2.84830437092,-0.00891748299256
0.975951968941,5.02705462277,3.15411752619
0.119574333021,3.02879225149,-0.0157138494224
1.81515244251,4.59327806229,2.99969086863
1.27924420074,1.69051626601,1.39014122365
1.02169247463,0.992502348418,5.13844206356
0.100739736793,2.65115530294,1.09625892711
-0.123361576009,0.211083076982,0.991542082597
-0.494649695639,2.54153487171,1.74653736386
-0.318118827554,0.297138826413,0.96524841631
-0.295371306166,2.06474227571,4.54613467473
1.24079363115,0.566473904785,1.51400831698
-1.03305424105,0.806284268217,3.85172291487
0.339261771631,0.757815444026,0.574097560539
1.48103250179,1.91779653076,2.17423378793
0.743176795646,0.291047235629,4.62535961316
2.16606618807,3.74611621751,3.71095561999
0.819041589148,2.58157941369,0.00199339135076
-0.399715416116,0.178949544525,3.50670448155
-0.752372891835,-0.116752329202,0.175808801545
0.892795972058,2.4004768354,2.4029099259
0.0606297411462,0.824715812108,5.61271828366
-0.446931044674,-0.249785119175,0.258401789298
-1.01750760865,0.17023383491,-1.30546230385
1.36895619561,0.795483293727,5.21703997911
-0.313123970395,2.3366227534,1.48008718251
-0.659641875795,1.2123508914,3.4548893566
-0.299153261365,1.47820770038,0.409495045281
-0.823217692899,0.837546690737,-0.807808306484
-0.368729320805,1.29119656733,4.32156359478
0.983379401759,1.99226207227,4.1804382295
0.467426715692,0.391867848647,-0.128217683129
0.904009558582,2.27785902641,2.69281129091
-0.840971782014,0.106002119078,1.13921708963
-0.1406145007,1.64032367576,0.127294429453
0.393421241073,1.42739128342,3.98262856139
0.264786106156,2.05017518662,1.33540303504
1.13433614649,4.11715579128,0.839340411569
0.225574709909,0.266688331197,4.16568233915
-1.06541790105,-0.236108484324,-0.333456095485
-0.713469018341,0.68313888739,3.9719205893
0.0515541360202,-0.148744904679,0.516498947697
1.06897619052,0.553557311791,4.54800670164
1.66094603563,4.05669715304,-0.296035681199
0.363021809984,3.69039843153,3.10891005067
0.656063355069,1.62674975914,2.52530998552
0.711672850042,2.69021551138,2.3334929955
-0.463564495549,0.809661926598,4.54100159036
-0.214129367772,0.305426624319,1.41636897305
-0.0514106042727,2.93867894918,1.31971160882
-0.123365723846,0.249277477218,4.31938085618
-0.338092464691,-0.317443789716,-0.0912038434222
1.33819663049,4.45555135303,4.88799195288
2.03217294497,1.99162708872,-0.235354864693
1.7929296873,5.65203146282,0.546158755842
0.207242370189,2.50819935287,0.644722883548
-1.32672848017,2.28407638706,2.56899686812
-0.477079441238,0.791215696675,4.85431827484
0.363259516452,0.449993708915,-0.215269526609
0.12666375665,0.904901123376,3.71649331314
-0.0263667818948,0.860946971025,4.5658967638
-1.19873413771,1.23676927296,0.737699737417
-0.205888994553,2.60688653745,2.62243282168
1.0129228826,2.80631688252,2.37507461635
-0.30889604861,1.6206323293,4.81420802373
-0.284657149105,0.846215082483,0.613059756873
0.810334611864,0.914333427571,4.42012512365
-0.763838483507,0.285445734869,0.0820598460886
-1.08156381304,0.139580507655,4.52722882308
2.1066621193,4.20459258459,-0.12863836604
1.86696415552,5.75022820057,1.16438504386
1.48967752011,6.99510943213,1.71249037058
-0.65383173101,1.92041226532,2.23542498985
-0.654084005466,0.869404661622,0.742255236978
0.930074181302,3.00579601952,1.51299707695
-0.150988433324,4.09350420426,0.997145762562
-0.0307317430772,0.211408771902,4.77725398956
-0.660887081424,0.124107868262,0.518945629395
0.832290992118,1.38320502884,2.282957021
0.758962461792,1.97255032388,2.12743610704
-0.465858591106,0.654612117362,0.352365431755
0.216979574452,0.315477638969,4.59984483874
-0.481735784267,2.55530883941,2.41581471349
-0.942376805129,-0.0648705789832,-0.669910810541
-0.132391960451,1.38699498527,3.95705226319
2.83699933931,5.08624404464,2.20123211189
2.1457890306,5.71345879759,1.6681870605
2.11018663904,2.67125638773,-0.0101453493143
1.3448119628,2.44879319346,1.53611164736
-0.54998953316,0.798086015275,3.36303379069
0.300978007929,2.38198505044,1.52032828238
-0.732735653142,2.25004582334,1.6885740523
-0.0845419972406,2.36987381025,1.98821849
-0.286022198681,0.533223718302,1.1171273513
0.17291244536,0.751135691194,4.24265916735
0.748816781834,-0.466195363974,0.860916973701
-0.299406330762,3.03957863417,2.33925845
2.09930017821,4.35087888042,3.44271668291
0.402597322218,2.0555412074,1.89261782735
0.482347693746,1.98398688146,2.33267595345
0.047764899132,0.732444728118,3.53545211975
-1.00288318995,2.04753006785,2.58264754522
-0.179918957896,-1.02220939142,0.983913288729
0.833483093177,5.50188078335,1.12326959551
0.214189313797,0.204874967347,1.05417569794
0.661376162235,2.70887406622,1.46942016309
-0.185847239076,0.141288538051,1.57734217303
0.052705190861,0.344180559907,3.65608378014
0.079149076712,1.22788604106,2.31498757814
0.265425690446,0.929210248909,0.688201703485
-0.1561694772,2.15646071308,1.89815401317
-0.339917294075,0.1981241318,0.917143003779
-0.333034596129,1.34685510922,4.1958797624
0.446624473608,0.642687980476,0.608153709991
0.789198090093,-0.123792145857,4.06558441572
-0.544674059322,0.519120680444,1.12442085832
0.284623039585,2.2941830717,2.31054921488
-0.974640464903,0.726099030413,4.40149957967
-0.135574983258,1.21371171816,2.44013680426
-0.826391025559,-0.113982313103,-0.136403450377
0.919077202102,1.40214271612,4.29566947393
0.875338330086,0.899152362423,5.0566373416
1.03027830544,0.414247108486,0.0704372349374
0.407450819343,1.98503894403,1.87300877657
-0.375368964315,-1.05536918048,-1.28914722849
0.39905862557,-0.681007500983,0.270457600407
1.61097838907,6.80782591186,2.02020619967
2.40348031475,5.40746749345,1.39118601427
-0.680661005532,1.56977396198,2.89900193509
0.183965445865,0.762975998327,-0.701394171642
-0.157254297244,1.23301533181,2.77545413707
-0.656602390377,0.719480646627,3.99067672143
0.142877414607,1.96478180665,2.31394014373
-0.952969941717,2.27104856839,1.69117584133
-0.292924064076,2.1920482268,3.82523301931
-0.665270867178,2.05844307084,2.17609384762
0.766577299642,-0.0369045577137,1.59546480693
-1.4537108832,1.04449650448,4.78438528712
0.355474250108,1.26196071761,4.32618690467
-0.25450265036,0.161473489564,0.632666440344
-0.783138247062,-0.00524381660979,0.61430353739
0.315119372833,2.19938898309,4.35195893295
-1.10891431396,-0.0801708983921,-0.501113672005
-0.534045543843,1.32028125342,4.38674677535
-1.15368317041,0.216069738312,1.2236846839
0.688584601055,1.39681529029,1.65815380966
2.77325258185,6.19164191117,1.7663636749
0.851981393509,4.6815266839,3.40330551992
-0.399595597588,-0.734036178723,0.429294330757
-0.536224397597,0.727840528806,4.57694605265
0.317736677871,3.3973898,1.07065342768
-0.12701743205,-0.399766566321,0.204932020142
-0.143558176694,3.26904364357,2.48300441544
1.3787995492,4.408960611,3.76270500045
0.199290800673,1.00987851548,0.532181487209
0.0563418609669,1.55706968855,3.51925811862
-1.38177255658,-0.660780674094,-0.753965754134
-0.37448975671,1.26482501689,4.87514653338
0.319666397398,3.03660881476,3.0617350753
-0.242485342769,-0.0210727326497,0.545274425383
0.528103177864,0.825961114454,1.6439769328
0.468603010642,2.25695133818,1.97307870602
-0.686192240695,-0.433996933857,0.92690333103
0.384850955776,2.93499094659,1.51793499465
-0.145042380566,-0.624313774161,0.482884503959
0.231272806169,1.30037229924,-0.307418165758
-0.0214943720018,1.8894001464,1.20623735469
-1.01374604506,1.07375729928,3.55711483105
1.28321147078,3.0760627627,-0.954633728207
-0.21314823384,1.61558304221,3.62323009574
1.05504498335,-0.0837516060928,1.32535971017
-0.255350945939,0.942050228447,4.97775016058
-0.389754258287,2.24534199339,1.79877075967
-0.551985655257,0.733317567836,4.57424892929
1.95960309425,3.54731921984,0.330656400136
0.428776777692,2.2483055975,4.49997393637
-0.435457780344,0.149094424494,0.376610622486
1.6757944093,4.22821126843,3.61204763692
0.496103012171,-0.421832623039,0.635641619979
-0.822515487378,1.57564722361,5.14507292322
-0.378463617586,-0.36335839585,1.08120846636
0.688701131179,0.311541834641,4.29659449342
0.673139988083,-0.143231510751,0.259416767312
0.613865532247,1.58391270756,1.6584155218
0.510883520852,1.62643963708,3.37464235074
0.804825322594,-0.610015516872,0.479603389658
-0.120663201379,0.884107761751,3.15975997899
-0.794348675272,1.66859129572,4.492064029
-0.0389182000112,3.3948605796,2.26069299748
1.00266454847,0.573522602882,3.83691286969
-0.178627810279,-0.289123561466,0.910593975007
0.530496410683,0.309670803597,4.51441949871
-0.165450075487,1.97665484824,2.16542769207
0.451390238318,0.352038177057,0.876229848783
-0.43651221099,2.11221930397,1.90562413007
-0.32241193532,-0.282059568742,1.04354333072
0.329096470264,1.74060636779,4.91342260644
-0.481087283383,-0.312121035166,3.95658241142
-0.290444295309,-0.280604782344,0.795073742762
-0.840156386336,-0.122035046538,4.31378556145
-0.0401408288535,-0.49539123569,0.80190808448
-1.72798858768,0.469993783806,0.254976779819
-0.0114763313018,1.9239524449,1.00101286578
1.25756483067,1.76605794593,3.21216618089
-0.0839469566267,-0.135364343048,5.27362739862
-0.641397206451,1.18246307027,1.67420164506
2.75263868862,4.81983668638,3.56298686323
1.87790533133,3.36815595486,0.555258930957
0.794597752553,2.55250596405,2.81673862072
0.41661071641,-0.0915478318223,3.7772407318
-1.01489814408,-0.0896946927889,0.988131736455
-0.178970318575,1.7856777668,2.81107791104
0.605055176371,0.362015528481,0.924910798915
0.232979590471,3.30539646021,1.89992814518
-0.409261100711,0.91581895307,2.630054402
-0.318201483656,-1.47478708029,1.3227625981
0.14023896027,0.767370301516,1.05520994952
0.580217809044,0.438156820804,4.5558893362
0.624365871419,2.82421342594,2.23843414321
-0.194444894823,-0.412710101072,0.708040044382
0.647089606465,1.53409377508,1.21973383849
0.890318670627,3.46395072819,-0.930052720594
0.403538237806,0.965340817861,0.167980814134
1.37250006115,3.56131046506,0.509542667677
-0.742753450001,1.11031366012,4.80351997053
1.92922903589,5.21268975133,1.90243044735
1.36465761271,3.92104549282,4.2962406641
-0.312249936824,0.672249196111,0.625479197431
0.243601657429,1.34259876685,1.48898321958
1.24410072662,1.40162145845,3.34495524178
0.311197935121,2.29200658323,2.21616992511
-1.10938539028,2.3938426065,2.92759442198
-0.449326871442,0.346203761288,1.06943612454
