-0.515286395144,1.06243698678,-1.56234396251
0.680125859353,1.80294120877,2.44587099209
0.193477830821,0.387631206256,-2.49845056738
0.0750013446898,1.27942937737,3.47759806434
0.0894518059473,0.998741905633,-1.83090346513
1.24991787945,2.87269176724,-0.121674221172
-0.278663022836,2.23865935647,2.44039472262
0.374555984866,1.94395953706,2.37106874609
0.498221513658,2.41962262591,-0.222011344137
-1.20146543043,0.504762662154,-1.12240605604
1.28388213793,2.18898471898,0.892705653424
-0.397222801166,1.81984327648,-1.9971636837
0.887462708426,4.55549534813,0.0791630115187
-0.439653897747,1.35310958033,2.3636415937
1.01169307297,3.1884310155,1.29459000719
-0.346913921211,3.24428068963,0.300393015373
-0.231814211451,0.526020957422,3.06453137838
-0.242674675477,0.450878841575,-1.07631148062
-0.681581481103,1.16168085234,2.18710115562
0.587476359136,1.21153029494,-2.91846418319
0.974865124197,3.55293130276,0.384321123734
0.0204426980896,0.463825803194,-2.29497329105
-0.0333777701032,2.12554666912,0.347246225884
-0.00642841674881,0.706902392715,-2.54967803668
2.43982418207,1.21358431525,1.66744705133
0.724883121095,1.3786131296,-0.138390347499
1.26932753472,1.21473196797,1.91134652091
0.0311904913094,1.05558351844,-1.52844126585
0.40917214825,1.34242490398,-1.67207011392
0.680354583176,3.0584547708,0.598355210152
-0.35294275459,1.82446008308,-0.974970779023
0.35614301573,0.711538962625,2.07434134525
-0.147885187857,0.822636400734,-1.57413098767
0.189778180055,0.543609644622,3.55464854899
0.961232661959,1.6892678199,-1.86291947173
0.190538556335,1.09813457289,1.84345459565
-0.419043153141,0.493454895058,-0.527423726973
-0.772766625132,2.13271883333,2.64263662043
0.462526207683,1.17486116526,-1.99129609229
0.30838424885,-0.424314796597,-2.52808647016
1.83809688446,2.16619721281,1.16699337811
0.0134745124187,1.44893286844,2.2708790549
-0.812375485673,1.80624671238,-0.126488394029
-0.218671502763,1.43768691192,1.86729050585
0.579892597937,2.80161536978,0.128200013181
1.16027515832,1.4442314389,3.35792295846
0.746568448386,0.400779165667,-1.29034889041
-0.915678487733,1.55775202623,2.01255683431
-0.123663061656,3.47405930412,0.212312778945
0.711012559632,0.640781267834,-1.50634331279
0.307405877269,0.657450306081,2.19456721181
1.33312165218,3.18844913377,0.0177110495052
0.895922126128,1.6876553211,2.3261814151
0.293121040352,1.41481012475,-0.290436899209
-0.244754900582,0.0820758224509,-2.91511569154
0.836768740405,1.82111686112,-0.727468124287
-0.780515465026,0.434432515093,-1.48171882899
0.0716582681289,1.44054413752,2.58713175716
-0.166634817881,0.785135211467,-1.12802756629
0.209236495778,1.65025870289,1.36893224324
-0.0172555413601,0.208136556225,-1.46232496687
-1.08327511906,-0.53508663938,-1.70092349933
-0.259107624061,3.23689113915,0.743233042379
0.453807000626,1.4762016973,1.65494778657
0.207176214644,2.8780545428,-0.0821158838605
0.602496545631,1.66720025488,2.85241249476
-0.642320268188,1.40785754376,-0.114980134813
1.23562762061,2.96876303226,-0.581894560011
0.208708221835,1.41340473473,2.32909134298
-0.0647540174092,0.305659681612,-2.45141574957
0.0470756633425,1.59386409522,1.36533395837
-1.10584464126,0.419250550924,-1.86083730618
0.160769780046,3.95701228546,-1.15259079254
1.15514149043,1.25918780423,2.50305019355
0.574219653853,1.06145935424,-1.41529642632
0.149052484183,0.735607493885,2.02232915926
1.33457489096,0.272860368298,-1.60933802473
-0.246640294199,3.79299411187,-0.583210775749
0.296884701089,4.11357833545,-0.706785851436
0.659565573215,1.48734478573,1.69970901922
-1.25763238305,0.697309582335,-1.29315562857
-0.782912568928,0.802952254849,-0.795871294337
0.927589176308,1.30881623517,0.96906407801
0.082005283033,1.6043753814,-0.632537097128
1.05113735765,2.47582216138,-1.50111739371
0.728891064715,1.8334574645,1.15713427617
-0.0108867897305,1.08123493937,-1.8510016716
-0.340444885048,3.1723818905,-0.227418595517
0.1721929423,0.159483297637,-2.26541270935
-0.285929439125,0.887976789008,2.88547056063
0.568439250468,2.05752071015,2.53366484986
0.109847745528,3.30212439746,-0.700144337821
0.355673402131,0.518694986691,-2.92906744509
-0.352148026539,2.42252433104,1.08406296148
-0.32693296492,1.18041384252,2.22614118416
0.439417874003,-0.0339432968258,-1.33479978946
0.0300964459518,1.07628661495,1.87239926397
0.744512403995,1.37337554965,-1.65368423342
-0.80409497601,3.24643323635,0.400660029614
-0.663695775681,2.06904216818,2.01143127014
0.334579193493,0.0604498752294,-1.77358843782
0.506838804885,2.47593481899,0.852207177804
-1.2825228657,0.949814529097,-0.64520024066
-0.400427305073,3.29999630363,0.390812531997
0.728351712665,-0.422323176316,-1.89301804466
0.583403537898,1.5955022219,1.27814613715
0.0826958969916,2.49443371281,0.237186113174
-0.167607548778,0.948996887205,0.255143362
-0.470586024113,1.45480475557,3.04755368557
1.12017295214,0.498565949157,-1.91379897673
0.465668269194,2.70813583141,2.2023332172
0.369278876898,2.88666836459,-0.863967521492
0.547041095246,2.44388109084,0.575975683475
-0.539521628252,1.00342162802,-2.43966666891
0.097304773178,3.00893988019,0.38062457574
-0.584504505274,1.7544438571,-2.68000571446
0.301229061043,1.76720833605,-0.200986896284
0.799916548584,0.249157188943,-1.39213757584
0.311984106964,2.57614160173,-1.80114533678
-0.968018967555,1.61115497448,1.72349964638
-0.67266176478,1.28756742461,-1.48444745756
-0.92977112122,1.13892406331,2.9673395158
-0.704004068858,3.42387476631,-2.04981370069
0.0271343937687,0.618077723481,-1.27203494132
0.32444543055,0.126579163859,-1.553298914
0.517780485305,3.66489528507,0.254839442416
0.488884617906,1.47713022598,2.4541916665
-0.508012757125,0.554701622839,-1.26086598118
-1.08359375847,1.96663694627,1.81281212165
-0.374921161839,0.892944176065,-2.35881115345
0.433021874117,1.36704007011,1.62882685114
0.34239925985,1.05051983869,2.43691006843
0.548913930091,2.61383184522,-1.11473989872
0.794541770455,1.49118657315,-2.29249300728
0.558379167516,1.92604286762,0.42467177743
-0.361674522908,2.09365051438,2.66157920555
-1.49093793113,0.112424603375,-1.23587934029
2.12386255121,1.75310624407,0.0433360990455
0.372376346665,2.95569224078,0.13822483072
0.101275622895,0.393831855006,-1.76711607714
0.530231535348,3.30911448851,-0.112379827735
0.181098104519,2.31409702884,-0.580672608696
0.577877264488,0.116665247821,-2.00038881758
-0.501313144736,0.663312666616,-2.17754267186
0.0418164148267,1.78376820842,2.05050982007
-0.156320281188,0.492755615646,-1.87629943628
0.216452489012,2.5859919105,-0.179470364178
1.09090629549,1.52322531032,1.47888177529
-0.0466264574176,3.29520362223,0.314271381121
0.01193273865,1.58032042553,1.78476609599
-0.810116480032,-0.684456983779,-2.48879985758
-0.28185861181,1.73122360039,2.70911113571
0.176487253221,2.86317648215,-0.704216622304
1.29495388183,1.7450884781,1.12576657809
0.691521976851,3.30292543983,0.375369755881
-0.0151860744153,1.19547727666,2.1570818621
0.253980286234,0.570791470323,-2.28765690572
-0.657663285413,3.1657143753,-0.926340547548
0.0934650167669,1.9785496606,-2.41404555794
0.172684080869,3.24654573621,0.518021428048
-0.288194616914,1.18918539859,-0.58266440883
-0.0367287909643,2.38943581633,-1.19525395066
0.0471586217841,1.32950947428,1.6212741213
0.994756629788,-0.566589558604,-0.300555820061
1.33544060157,2.13929818041,-0.733217824794
-0.0478271504027,1.0179038157,-3.02475903419
0.39393987772,2.15724289644,-0.123829511814
-0.240169972894,0.161088482306,-1.12447460749
0.915239972379,1.33805671135,1.99789644205
1.64778074891,2.43803589994,-0.663639164922
0.423191477738,0.236817880038,2.12572412608
-0.0948395294347,3.83196559305,-0.852789008341
0.0991698735842,1.76130549119,-1.7525529311
-0.240244080061,3.88290025106,-0.465158425998
-0.193831594051,0.26123493211,-1.36919667806
0.323189021458,3.16760969197,-0.542963583115
-0.48206202795,2.44517438033,-0.332244289749
1.28552841694,1.62918944682,2.3589562236
-0.0261954401461,-0.317183478654,-1.98752655208
0.296524718342,1.86133135239,2.43919531271
0.438796256283,2.70323486692,-0.586974262167
0.480622159573,-0.13345396997,-2.45566963176
0.12222338399,1.29906738869,3.03665655589
0.343365084379,-0.0547560200615,-1.92178158067
0.405968727254,1.74924195504,2.69117045527
0.0545686139267,2.79325111055,0.359251966821
-0.345712470839,1.49945600075,1.34426192005
-0.555283174922,0.0840356412625,-1.45178819291
1.73309800849,1.52028839553,0.403962712219
0.368523546178,0.704303303472,-2.01773160469
1.59108586085,1.72430541442,2.05604415897
0.423806756734,0.467180009805,-1.26285875703
1.58499466192,1.93241425331,-1.46617175461
0.536023269563,1.54123911889,-0.333327555892
0.109768105665,0.419624001544,-0.825199903253
2.69714850561,3.02848834784,1.17835309995
2.27811333689,3.47721279922,0.394477721461
0.312670194534,2.49450207921,2.71800550054
0.766477647286,2.74437631849,0.611966512485
0.621080409405,1.88623644642,2.6429678218
0.550441933363,1.95959358363,0.319992212727
1.71229852932,2.85663320954,-0.606120115389
-0.242379926311,1.60018778546,2.04446928603
1.1736574751,1.24589000602,2.21057357553
1.13056622355,1.64960671513,-0.57090677468
0.355669992422,1.44563416012,1.58175020313
-0.901035170974,3.94807051177,0.0607058051665
0.456549385492,3.52024769302,-0.0513477882955
-0.687756085572,1.15972246027,-1.17499791229
0.23697550579,1.13739130119,1.41262780364
-0.319727441854,2.5219915537,0.393385730486
0.404757873395,-0.909680779285,-3.00955094318
1.0403112777,3.67744581213,0.309707060361
1.21670679469,3.21869874909,-0.717524315731
0.791686711736,3.07402186195,-0.545302132982
0.790987539823,-0.229743194498,-2.56939647363
1.31351380303,1.90385152598,1.76790577264
0.645807323988,2.89070847943,-0.350704549174
0.0642076504974,2.59468224347,0.0974335477262
-0.120231703398,2.01849581381,2.18799116486
0.614690817561,1.39299310624,-1.12746727779
0.741153211889,1.23021076904,-0.134628857129
-0.082193711783,2.312620994,2.36108515145
-0.407356457414,3.35511139763,0.413844118509
-0.537174116001,1.16911480832,-2.692610073
0.634263481576,2.13472356367,1.44443836157
-0.0275278352562,3.19007448206,-0.74598685436
0.0842735060785,0.246663901019,1.68615180681
1.19574055094,2.33243657516,0.451315758684
1.48354121878,0.677747498312,-2.57848169662
0.174646242477,1.08778752231,1.6276260101
1.13063515571,1.17621723421,-0.946570639272
-0.103034903238,1.8978665778,0.0266315467569
-1.32179694985,1.88144903603,-2.46396894461
0.347955414871,3.31473220577,0.1941492184
-0.702829099238,-0.000334088741232,-2.56306846289
0.987761233318,-0.331205557564,-1.23288164991
0.712191509472,3.3692919621,0.0780730814141
-0.763355565677,1.23149159623,-0.997620156004
0.763361983304,2.29161107332,-0.122698654981
-1.09287968009,0.32413487488,-1.01401488591
-0.533312582423,0.938265085032,2.01401349783
-0.169880275808,0.292024128305,-1.49993253247
1.38258390245,2.83243791714,0.576036953359
0.70809475172,2.08286656142,3.97612374883
1.06124667661,3.3038085896,-0.0692895978722
-0.223623558563,1.60968692549,3.24639788217
-0.66238646365,0.297711981213,-1.61568923968
0.407309784305,2.09575935113,3.30680246792
0.769851949738,3.33796613267,0.039349668467
0.202444344909,3.50132776665,-0.673965040878
-1.13994980113,0.226804198476,-1.39460960637
-0.861598749799,1.8672554068,2.20535043415
-0.164945581597,0.501062491656,-1.46873135589
0.40325093854,0.861770717315,-1.99846379544
1.10244884536,3.22409128017,-0.0919678376904
0.732909586771,2.12437812258,0.920481710985
0.276400545814,1.55225235694,1.89068022521
-0.0814262217626,1.67691919421,-1.80689409802
-0.144905643955,2.56903846893,-0.650271335913
0.852529617546,2.48438772297,0.190266888729
0.259492174461,1.6118082497,1.49077820688
0.766430518124,3.45861244591,-0.178388788225
-0.538587260724,0.14009689248,-0.807975436281
-0.638913832695,0.297805980279,-0.705994965513
0.843658248998,0.100644861143,2.47898055974
1.27153109091,3.63361706822,-0.659141977072
0.977594530457,3.06386849109,-0.441607351651
-0.0302743544464,0.0110613388453,-2.95762532022
-0.0721972127659,2.83606130563,-0.526969915075
0.883359983435,0.814863470735,-1.89432156361
0.697546500571,1.98319509389,2.83948817632
2.27425584145,1.13119501528,-2.56097397183
0.709025705747,2.59947249421,-0.0989047197948
1.41132018371,2.97411547704,1.17851208799
1.17381673317,3.16354258062,-0.410270419315
-0.31082102914,1.83104481323,1.87420477771
-1.15299831649,0.976679129112,-0.900157027601
0.482286807216,1.94319891098,2.92978527435
0.112048245971,0.483572630166,-1.51505057205
0.807687839666,2.40134703461,0.136245831242
0.162072260373,0.556832688434,1.95406453557
-0.268081590601,2.60080765783,-0.0446619110845
-0.369770465619,1.89292980409,1.99431262415
-0.424777460696,1.84577706254,-0.944258510483
0.448675425086,1.19272088884,1.84364595185
-0.242014619921,0.73634694549,-1.77840891288
0.869196754486,1.47950115249,0.809435325184
-0.670889993391,0.613843830218,-1.46190552069
1.41128507534,0.950504275693,-2.96162385226
0.675374784751,1.65855157849,1.27566923626
0.542317295523,0.776462369722,-1.55560599008
0.11791188223,2.0438643047,-0.956217913721
-0.192375984885,-0.0226652863535,-2.16030676376
0.0488351054413,1.11515863729,0.734225745463
-0.529871131489,3.09444811813,-0.472765732925
0.782529596323,0.338053202723,-2.02288893949
0.217288702857,1.30882131171,1.9568789578
-0.770696133708,1.42540851836,-1.88958798832
-0.133755414347,2.92924525788,-0.654084880841
0.295209650682,1.91846316831,1.91110152765
0.485656551318,3.40669912987,-0.36345672617
-0.329203735634,1.97792415755,2.67397871219
0.172848137973,2.02053161645,-1.56964330245
0.624953594511,2.18747728579,2.49447328169
0.0544459901054,2.60782003026,0.322460482032
0.597762090761,3.1023641765,-0.932121230722
-0.0647519028993,2.34496271976,1.64117483386
0.136242059234,-0.354011388229,-3.02989917159
1.15804306023,2.85848531716,-0.0763272799105
0.0572030035695,-0.0727816039206,-1.6852266328
0.245086961547,1.97374923025,1.96422372216
-1.35539166913,0.0577737219713,-1.8638238486
-0.563286091099,2.84900608752,1.3879497024
-0.0477650318294,1.80524463812,1.85648898296
0.241978464838,1.33524949269,-1.16704215457
-0.0226064631484,2.82515061854,-0.489098051404
-1.07647912657,0.443625936825,-1.06587345003
-0.186681091427,1.5233258158,1.73987172818
0.058999277731,3.23642609398,-0.832978398929
0.399782599356,1.78737634107,1.95418501049
-1.31113691657,1.24325336784,-2.54002190603
0.874499770564,1.16227759041,1.98543614851
0.643501846967,2.4265855364,-1.07685024426
0.932132640469,1.95785274281,3.19019470749
-0.223003951836,0.716168132073,-1.39686614816
0.25443251058,2.94351974408,0.514879512463
-0.086363104553,0.841469088567,-0.834943598488
0.78319372795,1.29601204356,1.73086746077
-0.153106706405,0.30064676729,-1.22090038596
0.0077024825078,3.06334723427,-0.602523915088
0.176605381722,1.75761600687,1.99536474154
0.103902564083,2.63470305545,-0.765385352452
-0.356537970832,0.700208001214,-2.26582984513
0.732809182649,2.48939136734,-0.464235870667
0.579913668553,1.74806787366,1.63043578519
0.250160123072,0.0483351569539,-1.71641234659
-0.239850972356,2.49359643623,-0.9677058565
-0.173770143188,1.03365379803,3.08144317961
-0.499310892706,0.965173531961,-1.239279141
0.711300078713,1.29983688702,3.22157739502
-0.161504274128,0.591991782894,-1.35794768027
0.807406053885,1.77640506263,0.255464402568
-0.0432673754342,-0.0854046111221,-1.05272772458
1.69996883623,1.29026172608,1.71330690329
0.12684663863,2.54959291739,-0.598120976534
0.259893457096,1.3493293883,0.993227513006
0.619488740552,3.19971796803,0.137661993906
1.40675003997,3.48955433998,-0.175597686542
-2.00450311251,-0.0508519888251,-1.16654297793
0.688514306508,2.59078410033,-0.665039049171
0.509943567763,1.36770978421,3.077103576
0.210972779927,-0.344935406604,-1.47713464205
-0.0334159362346,0.460600844461,-0.975423164712
0.361922305573,3.06929837332,0.029258408765
0.831665625344,2.4612794426,-0.330789211355
0.188690155821,1.22857912606,-1.85024604999
0.189499489073,1.07802917488,2.53564295761
-0.137481856772,2.9785932697,1.68089982267
-0.165847740216,0.477639253163,-0.928539777178
0.728735680024,2.11908797241,1.21879363198
0.368829590704,2.95719546724,-0.891648080221
0.954515184164,3.25392213234,0.702867000998
-0.162487049163,2.23492489596,-0.366023599142
-0.348037978355,-0.114840030585,-2.33755560771
0.178419657283,3.91162794894,-0.962867208791
1.23896087093,3.10545196263,-0.539570991617
0.0767154007113,0.00282334499242,-1.60204117229
-0.472381918755,1.3826374132,0.96088619248
-0.836070432967,1.66561272758,1.41898307323
-0.974464485892,0.217991528698,-1.71859253728
0.840271791591,2.36437767423,-0.935764788154
0.0114973636935,0.739258130861,-0.818488202403
0.0768190023132,3.09008705927,0.651494255448
0.000698990247986,1.54911660305,-1.6612318557
0.580035945688,2.56996462722,1.76709423685
-0.406983030319,0.38828376038,-1.11634887002
1.21006160919,1.70270191797,2.70109838987
-1.10857914063,0.373977826523,-3.13888133932
1.55696494802,3.28342401677,2.31430388715
-0.558200913619,0.793383494336,-0.349917516601
-1.03848202679,-0.395739287728,-2.27441030306
0.0508068105633,2.64598253449,-0.0836935045442
0.571791527865,1.99338373815,2.2597946361
0.159981210823,3.7629182714,-0.0199287307918
0.628237748324,0.751091356503,1.47741943781
0.157350578706,0.551226714311,-1.72149840911
-0.248871478323,0.976224856405,-2.07771766595
0.871886790815,3.37658635662,-1.08287831952
0.32998326948,0.885220424728,-1.75866683911
-0.54792943593,1.81998463387,2.52451101793
-0.26340838583,1.58013864341,-2.07099555865
0.672092475112,1.9881419474,-0.336046661624
0.400504494741,2.12989441249,-1.0175251404
0.519378727787,1.47023553374,2.10163172615
-0.0540453493314,2.93379471408,0.433806493222
0.130087960003,1.14576587809,0.976031328688
1.01057337892,0.950540028864,-1.43667866649
1.36979175057,1.98434825348,2.40062347527
0.332014283764,2.5143859616,-0.268057075665
1.00402985545,1.67307557489,2.90822675488
-0.540288126353,1.09187180892,-2.27972398207
0.382240940842,2.21817199203,2.43953773943
-1.24070150579,0.0607321634957,-1.4662357161
-0.069517055547,1.29894228256,1.5283632604
-0.683286642101,1.70311936386,-1.41199334878
-1.31890157512,1.28015881161,-2.07038626824
0.439608088114,2.74477952958,-0.583101923506
0.160756528946,1.24486413812,1.56291717687
-0.482694533202,0.953218908449,-2.70114938017
0.700193902746,0.45357665653,-2.25828974359
1.00285767424,1.15571989865,1.97470770111
-0.097424571001,1.60234828373,-2.07924787904
-0.236971244184,1.5788067578,2.43938975447
-0.265661737215,2.97065143859,-0.0298686810456
0.11528304352,0.908935916846,-1.47172203899
0.812691310046,0.0818512575016,1.37667920998
0.590204415638,0.457762651284,-1.34886914543
1.39968207982,2.63106269641,-0.170338505896
-0.086784478421,0.486269910268,1.86485563846
-1.07140434842,0.339024811029,-2.15248564733
0.465654535765,1.98302270862,1.83433623341
0.8069631989,3.12638478707,-0.276995744357
0.838847575841,2.40503755393,1.83461064417
-0.286779427538,0.104455633645,-1.53435281504
-0.0695079388731,3.11516648175,-0.231153667667
0.602269154875,1.62159414689,-1.37241304685
-0.756781229301,3.24366910226,-0.411907248959
0.525096521745,2.54712961924,0.974846475517
0.225676067072,0.93840079241,2.43851139795
1.02864439641,3.58089216821,0.0179674695189
-0.0871721342342,0.16432558078,-2.30694502035
-0.805286140259,2.71048000043,1.60599901227
0.722586650771,0.431541788437,2.70998244817
1.25533552642,2.79897049339,1.10156319299
-0.360850265588,-0.570585671172,-2.12507923702
-0.346510461922,1.38233217304,2.05053077724
0.559534574255,2.90273734478,0.81214969266
-0.0304193315327,-0.0939320783826,-1.38212931022
0.691379605125,0.981092216782,2.33422845312
-0.0302015772276,0.19190669241,-2.57141824426
0.880059168964,1.30376794693,1.94890219579
0.68303927783,2.09369329985,2.4834528078
1.74170231955,0.987287166031,-1.76218613068
-0.73244810405,1.31648821808,2.02562162204
-0.200702678394,1.52768475199,-0.505957525513
-0.349947460744,1.45624359325,2.11588719255
-0.917595878777,1.68127856694,-1.6690662471
0.960755178922,2.62757678896,-0.0305142923272
0.415807571915,1.18182301171,-0.397777486161
-0.347799258971,1.64096590156,2.45979825025
0.187121419461,3.01502148174,0.275094770539
0.268157240066,0.794180050601,2.21106819298
-0.105550766036,0.833276293258,-1.15122635136
0.619960789657,0.489166004843,1.4574201235
0.225955836489,1.81294591443,-2.14542681296
0.855517269686,1.11883257709,2.64373971765
0.152400250503,3.77386649625,1.21323579625
-0.285045263824,-0.194655862573,-0.318242956432
-0.144320767654,3.14147057761,-0.65112749838
-0.947704229049,0.922533883888,-0.969620497736
-0.0171070164925,1.66533352824,2.17179907653
0.284739700505,2.25957126778,-0.257597782183
0.121999434954,1.59565597384,1.51871936078
-0.289865412221,2.36139203818,-0.224304547788
0.108581969421,0.583820839137,-1.89839825014
1.07608539549,2.36822278567,2.69600147984
-0.584593054157,3.97413991794,-1.30341767705
0.173460661476,2.27219501076,1.57772343984
-0.214346424279,0.0744840612718,-1.02628734992
0.535154060266,2.0589465855,1.97243736753
-0.536292081476,2.03250828748,2.45240105969
0.238814334575,1.4009480957,1.96979194445
0.321716436491,0.505617895754,-1.89589205739
0.102868368929,1.34058172494,-0.79488630878
-0.286879393127,3.04301764515,-0.512503952283
0.0307367010202,3.21171315956,3.17937148511
0.329875991396,0.610511769246,-1.43433199328
0.723656349571,2.68480340079,-0.70172664884
-0.294111584717,0.13014366702,-1.05617411562
0.592036544792,2.53209255674,0.70249214254
-1.38664371294,-0.736158947392,-1.84977669894
-0.0202128990971,1.70074970494,-0.390124720174
-0.0760994187494,1.21342693886,1.7968379997
-1.24019972571,0.79227496855,-0.762438415686
-0.914219451832,1.20090621372,2.02238555516
0.1627419574,3.90917104224,-0.587719523485
-0.13040658782,0.458420690743,2.21010029102
-0.441784860619,0.515505445461,-1.28074921322
0.511329474406,3.25726268014,-0.136595493773
0.438772665807,0.795142325017,-1.16011233794
0.283530017335,1.87186461837,1.79464933721
-1.07588391571,1.71837982503,-2.05072412239
0.641008070637,1.60374806322,1.08111581711
1.7052266262,1.19207774666,-1.22079255926
0.278344384955,0.61316460384,-1.28297763686
-0.448053002009,2.88273626068,0.589743749223
0.239943166459,1.36226041233,1.82070868154
0.346612563057,3.14215433224,-1.55415147105
-1.26420843548,2.10695366687,2.66747004717
0.247571443856,1.51736059619,-1.7346898873
0.295696399994,2.93519364153,1.4797421963
0.981142340791,2.68579773673,0.209624278092
-0.245177768179,2.94287985014,2.0051084106
0.0504397256621,2.26289152998,0.0286525277011
0.411454585002,1.75514200884,1.25361609978
1.19123235689,1.4423685913,-1.95486947063
0.82056948324,3.22216877028,-0.587063497461
0.404428253921,0.0652812695632,-1.60662929771
-0.239572145631,0.408001095031,-2.48611339577
-0.226131186269,3.24114015371,0.333351463364
0.261328589878,-0.767677248968,-1.5267101402
-0.300988109867,2.38144400585,2.25943840957
0.624296999722,3.86999462621,-0.377437729889
0.865604201764,0.0603286765824,-1.5836912625
0.665998402834,0.0965960174251,1.81551089921
0.489349726058,2.49741702217,0.215137877185
0.00526059283053,0.411964373778,-1.88003317345
1.2628595685,1.82821483865,-0.486112079506
0.13282276511,0.643874627143,-1.08237611363
-0.778916544699,2.56851561243,-0.137001092722
0.432213335435,1.93110752543,1.36807493514
0.570535024456,1.46059326676,-0.901938547326
0.713122278431,2.60068887257,1.6246617204
-0.91449769706,1.35613344281,-1.45350601421
-0.299139634691,2.32396732694,-0.113713709919
0.290472595886,0.44926469282,-1.10340454265
0.319604972342,1.16650378393,1.10862503064
-0.291333233463,1.61497860487,-1.68398751964
0.292981794412,2.83510030128,-0.10912669492
1.16429663048,2.63174028679,-0.368839371202
0.396137978261,2.84608290282,0.151027761179
0.833028094615,2.99167109164,-1.30545071607
0.648306716882,1.67877566106,1.7816677696
0.515226248668,2.40166668596,0.0620482599212
-0.915507096501,0.267794891943,-1.23990115263
-0.525729506426,1.93527671679,1.87021717493
-0.270835521015,0.445228979164,-0.483892262001
0.393839249696,3.70214553809,0.278387723786
-0.605477408836,1.13351780149,-1.91515068429
-0.0733249242751,2.00719111953,1.87833290549
-0.301839232624,1.00218348594,-1.3029059112
0.708256388965,0.547844286908,3.2034932846
1.30201458236,2.61892661736,-0.366070603118
-0.330308052086,0.483662621918,1.2773225911
-0.588009335536,0.66485244919,-3.10051420576
0.0090327606839,2.29762111251,1.77486099667
0.944106207371,1.75562351219,-0.651196896934
1.08013385332,1.0822400737,2.17749694324
0.966336148122,2.40607290057,0.613508480599
-0.0271184985424,0.420997998718,2.51854068055
0.0406425780404,-0.466294566489,-2.65494993225
-0.67677111106,1.81452014899,1.44871506622
0.456839057467,3.7768445174,-0.287284982682
0.256744243862,2.6618712214,0.156033051412
0.217265173125,1.51897890209,1.94454297141
-0.370823843744,2.25268979873,1.83684675089
-0.0785160642622,1.04948242897,-1.01838084144
-0.136157985053,1.95620812443,-0.237111083851
0.561145990696,1.89323934425,1.05185113915
-0.161972968257,1.18825688868,-1.53555058687
0.154069779892,3.23181731447,-0.296816045412
0.386605207095,1.56306176139,3.08138231219
-0.454243368305,2.55991671127,0.821862284796
0.164656586439,0.542792394197,-1.88549896265
-0.343607583677,1.69957213171,-0.390238217769
0.311293605236,0.111876183593,-1.40049698771
0.0975078238383,2.99596377149,-0.621315302137
0.890566191409,3.55545228819,-0.695929391596
0.379608396228,0.513025421704,-1.27269185748
0.463321630074,1.80969087061,2.22371737126
0.418941788981,0.617354166995,-2.82386833891
-0.611956890156,0.916960367463,2.77691256199
0.0878183768174,0.794243497098,-2.06823633459
-0.493202444337,2.35505863464,-0.286992812701
-0.146327892887,-0.0692664463323,-1.3279382929
0.362892292792,2.20944739093,-0.762963857646
0.166530471218,1.7171068748,2.70212206427
-0.251340489149,3.1481113697,1.23912972988
0.057083180534,2.23006640521,2.35393310588
-1.28475559053,0.589087839737,-1.91536140278
0.551593457715,1.58455089718,1.96943154346
0.492580615541,3.47527228691,-0.0997712251982
0.741284168717,0.622239261627,-0.814595506285
1.35923651612,2.72534949894,-0.39503105144
0.78247625077,2.75822987411,-1.11379729102
1.1408422809,1.04451449808,1.64268192173
-0.073080285717,0.664193089268,-1.93393694827
-0.362407296891,2.27673474002,1.44101176006
-1.19035516432,1.03221370792,-2.13616917736
0.747383686255,3.56474446761,-0.0980798180713
-0.165968457668,0.547824289302,-2.164288803
-0.0858734488297,2.47614279777,0.419907193736
-0.242553067598,-0.0251629503204,-1.20260020608
-0.0402554811523,0.380246331629,-1.65048509072
-0.457677796876,3.88498696866,0.520114391876
0.302255438317,2.35050629693,1.31215376028
-0.0880417241077,2.35034698453,0.0650065077203
0.740971608955,1.42039581522,2.41454023085
1.11470113059,2.45623484774,-0.0189127728914
-1.04570182051,1.38920915551,2.36660472785
-0.823314284242,1.22312590323,1.09852172388
0.387916361051,0.380765048622,-1.95773474939
0.433443079613,3.61228828037,0.171068087251
0.297712951844,1.64219274314,-1.7327181439
-0.0138650424768,1.35859732086,1.97873132719
0.936821548328,3.25781015341,0.445100428
-0.0131803140954,0.622612854369,-1.58433947728
0.303381806313,0.806090766352,2.03207555811
-1.1255871508,0.248878682855,-1.63655906018
0.221553773154,2.72105941688,-0.632623267732
-0.52917842331,0.939486348305,-1.86833839666
1.01355486109,2.80945382296,-0.723975395077
-0.106677858338,2.16163773292,2.89652598074
-0.169442398949,2.62392358329,0.29628791857
-0.333590360292,0.426285328809,-1.5241482993
-0.37651176891,0.594638244985,1.90019213945
0.618402205296,1.48174476757,-1.73482254035
1.0007133061,2.89510477954,0.0828048354543
-0.446902089773,1.53596303973,1.19213760736
-0.048602995287,-1.2990351984,-1.27781951096
1.02494645541,1.70010923287,2.46495646137
0.174605071439,1.6509472152,-1.64859400241
0.52279202289,2.91883064272,0.34091854408
0.236397640686,1.85654166427,-3.16922977297
-0.770936871952,2.97153330054,-0.635445586773
0.0275189417863,0.81940695203,2.39434924277
-0.364214997063,1.69613936844,0.963895415877
1.32135462147,3.34288376378,-0.129800519883
1.75892075726,1.04027764478,1.8453217923
0.0318593436998,1.46789642804,-1.29563613728
0.174854428035,1.19182767985,2.59598619818
0.0393754508191,3.66497857266,-0.694741123684
0.450661747317,2.44210727609,2.70702389816
-0.3569472298,1.37355198905,-2.46033994792
0.2165118001,2.19111069051,0.216854039435
0.891229055602,0.310148498429,-0.306962132626
-0.859846026477,2.51805593907,0.682403966929
0.451425824917,2.79218389511,-0.944829124884
0.795063414354,0.570292962709,-1.87006231788
0.592520261708,1.22344608252,3.44331473308
-0.216790007337,2.19143784525,-0.333352136422
0.315751967785,0.676688010465,1.65258954629
0.233542362002,0.0875903970737,-1.63477681186
-0.262796319093,2.3121255858,2.42062864295
0.399212247412,1.47635012198,-0.617350945626
-0.254218397232,1.95813830703,2.68749330812
-0.301188513542,2.7510875988,-0.740702819028
0.896739530778,-0.490992524597,-2.28869722407
0.462535821029,2.12364153983,-1.37369768807
1.20571962563,2.27129420961,-1.45487730284
0.461502706865,2.3347995082,-0.0774918563968
0.0360854124056,0.435807064794,-1.2718530401
-0.0997501886349,3.27707078362,-0.693574120941
-0.271370622327,1.64049323038,0.858029865479
-0.021877085713,4.03339762857,0.868518449358
-0.536191500349,1.41250097672,1.85428029848
1.17939815789,0.684239292564,-1.76095766385
1.45034894476,2.08116650708,0.431592230501
-0.485553082781,0.269961682255,-1.73370571308
1.49077694011,3.15584194867,-0.721577684762
-0.205391891498,1.22435855945,-2.03197624321
0.661161029438,0.187044345265,-1.29374580616
0.448395369954,3.25113089566,-0.324931253661
-0.566346463484,1.62185484789,-0.135728659265
-0.50546840461,0.411009936779,-1.76660377236
-0.695002189376,1.02459661145,2.317230091
0.261684015624,2.14450273154,-0.804669725028
-0.182620670887,0.466964779874,-1.60865022967
0.537377684626,2.58168680057,-0.10242603075
0.52196479386,2.30944716449,0.958970430318
1.78429758309,2.76044031239,0.837574692793
-0.200048491906,0.398883018479,-0.75789615691
-0.119237380005,2.72048555151,0.0488785003866
0.0718448491709,3.24653727309,-0.964059058146
1.07463270661,0.697546373832,-2.37082683004
-0.113804594429,1.14518509336,1.47159375698
0.325342706106,2.37309423602,0.0340034554282
-0.758099929473,0.940857245008,-1.45225400293
0.864435805956,0.988152080437,-1.86267502607
0.600913688787,2.51367074786,-1.04707892698
1.22565599431,-0.283794329431,-2.22728017068
0.960051843227,3.1722023669,-0.112543727424
-0.440976785409,0.503730782971,-0.582902309513
0.0900944197561,1.54544218008,1.75778135474
-0.0295677969562,-0.966025614968,-1.91004499828
0.129045656266,0.228110858134,-2.52343456735
-1.14423187491,1.74021387661,1.58704610536
0.418305343701,2.82356150828,2.41885012888
0.816080722314,2.50933546195,0.527949922652
-0.127669518924,1.35189537337,-1.69556581431
-0.0176833927081,1.20852323313,1.8029889716
-0.464557791846,0.83906643552,2.69664994714
-0.117386081035,3.56275377702,-1.24380509431
-0.00960784869123,2.02001490722,2.75910081892
1.12539839383,3.16272427717,0.410673944979
-0.214505533831,1.8853159463,1.77530563911
0.0630521908503,1.6454994061,-2.39574093825
1.11420846368,1.7821612556,1.98318051769
-0.932728172543,0.413881933237,-1.29158225162
0.182700065437,2.96789581583,-0.767362821012
0.0693226149797,1.63828391427,-1.58799946088
0.470256102564,2.05708006903,0.675414620808
0.371218035867,3.68851684922,-0.94016902106
1.12458138433,2.06173302432,1.16917602599
-0.0925092483069,-0.508935732154,-2.71418649137
0.169033618089,2.87906010448,0.814611237308
-0.953861481114,0.0120420909161,-2.49431165376
0.802837087641,3.32039546755,0.018008446996
-0.614006778216,0.427199253659,-1.40870375499
0.518910429107,1.67837371471,2.10512217058
-0.113504969755,3.76696362873,-0.471333678433
-0.830514445964,0.987249546134,-0.116421726539
0.76551161518,2.25335179544,0.247337464192
-0.386299856481,0.430477112032,-2.08899871034
0.690610123726,1.92035402913,1.68891612604
1.28206909421,2.40944189045,-0.415524599059
-0.0264660542258,1.60009988904,-1.31983476656
0.0866721082349,0.258861262965,-1.65203878655
0.570931384146,2.46337868202,-0.511165545181
1.54872874672,2.56383635814,2.45080916929
-0.0945298177826,-0.674776365543,-1.11961443764
-0.00922706050905,2.01963867685,0.253881249522
0.493437143552,2.38817139538,1.74990542861
0.531909620527,3.86911840443,-0.200352609446
-0.702663365165,2.09077301552,1.7738135108
0.366085432195,1.71217287187,2.93515709376
-0.926519757407,0.700497573217,-1.68414475063
0.146366935342,3.14398022746,-1.52967618075
-1.11037875516,2.95672811068,0.871863828862
0.800846332585,1.34598555342,2.8548392602
0.228590111701,0.0110639250149,-2.30255165446
0.578347407014,2.48007820814,1.93914003932
1.20325663237,0.915156348659,-1.72204662664
-0.418698434284,0.817596071985,2.78584117369
-0.836174698983,3.62149717513,0.0279911751335
0.532362466693,0.05410439973,0.124924519253
-0.752212860574,2.1942816429,1.42992193702
0.0451686831911,2.62612172517,-1.81572021612
-0.615353372753,-0.236502516606,-1.31870372238
0.813873148976,3.27656165638,-0.525565680672
1.12706473646,1.12886561921,1.91866173343
0.517301920284,2.12506886755,2.64664080604
0.809043824335,0.81682314098,-1.5656430496
0.480826607622,1.81759713867,2.15943721175
0.997405568411,0.531126152181,-1.83404823995
0.0687798454314,1.24589209791,2.25034272434
0.0292129944521,0.264131769633,-1.77461873873
0.0900358175557,2.26495952066,-0.447860901849
0.705195843555,1.46386263996,1.94704145767
0.0863927798724,3.43383783788,-0.102121348885
1.14368639016,1.62295171208,-0.417617237996
0.176685696319,2.12001101072,1.7447176495
-0.316220879755,0.96624008367,-1.67109227371
0.201351771953,2.87861626911,0.827453767228
-0.038529547515,1.05904707957,2.45277626736
0.31832931493,2.46058943712,0.203680099347
-0.0710587532261,0.0630954374991,-0.0860178718916
0.696778451284,2.97855993721,-0.394530795378
-0.328698882051,1.61911142518,3.28109228234
0.045228931992,1.29119091177,1.79578670504
-0.627482146902,0.473290100084,-2.78907117755
-0.118372658051,0.723274386867,2.89225616357
-0.583396233851,-0.58971659828,-2.01432144519
0.193765205929,2.57298082168,-0.312019397361
1.71502319094,1.91786341539,0.232189458772
0.395233531945,2.62538408552,2.0097220233
0.774487307405,0.248578842676,-1.67847014903
0.12160646224,2.63639115424,-0.718350553546
-0.125015857025,3.20202132189,2.65284358262
1.33124161509,2.94661194194,-0.703495162387
0.529663966621,1.37253151643,1.73818673339
-0.577415456829,2.28475503651,-1.46610844486
1.50296623502,0.415368811887,-2.51200195608
0.322386086937,2.05522589196,-1.93005314733
-0.0794065449096,1.68987137711,1.36362780486
1.25039251897,1.12583981626,-1.13708748104
0.393103288549,1.64383782974,1.31845483597
-0.249109119943,0.752480129692,-0.521033019004
1.03653650516,1.43497865184,2.27988955282
0.376715230401,3.17681910595,-0.869115984807
0.164384196748,2.09795633642,-2.39351486291
0.194568906009,1.42166651636,2.24341467765
-0.240115594167,1.16224893708,-1.65038235846
-0.291452467522,0.631416752666,-1.01970379226
-0.615292110103,3.20018365557,-0.910800640101
0.107212452806,0.773328775537,-2.16804888185
-0.225096336105,1.74429141547,2.44347824267
0.701102837372,1.63700557002,-0.52199862001
0.138307002428,0.590515059088,-1.14296934862
0.20123883283,2.93680419337,-0.482917286436
-0.396103813272,2.84647440525,2.41055370031
0.525467135291,0.914298058841,-1.65410382193
-0.911246057174,2.78928379694,-0.344574712198
0.364149482342,1.23112842944,-1.81055562072
1.28939081916,1.00773561505,1.1181062683
0.798337612551,1.06138668677,-0.568298712278
0.0732166316889,1.58846947485,-2.35923453664
0.0508869174985,0.236375240103,-1.45079393623
1.10455828214,4.06974880972,-0.0154771809083
0.338647032275,1.7952008616,1.65545771296
0.903077186017,2.25889494316,1.8974143686
-0.186005369321,3.4826110612,-0.874270535549
0.52900712332,1.45871542065,-2.03321026344
1.09273018199,0.880375048013,1.99004647322
-0.0512659826933,-0.0313386189981,-1.54270736603
-0.0310334372748,3.06535717799,0.504203687892
-0.0785472524243,1.03707659661,-2.40991936657
-0.287392564547,2.8394667045,-0.19248656838
0.595729553823,2.63436438335,1.43573471102
0.829310472633,3.0900615053,-0.977283899702
-0.516257146063,1.90217176798,2.90770936168
0.465099980862,3.82026294374,0.308378227224
0.390200718198,2.30285458578,0.433134192614
0.216524739097,2.27743407042,1.66617665328
0.711061689929,-0.315041858275,-2.73159086859
0.115278979569,2.03790941628,2.17317683591
-0.536406073972,2.49110551229,-0.497095665369
1.0744760282,0.485139675978,-1.23912694994
-0.700831286205,0.813263000118,1.39777640212
0.0518746626805,3.64647509636,1.03870834519
-0.553342318704,0.887836161124,-1.85316408669
1.26674299319,2.25566361645,0.160632898549
0.76040329015,1.64115275176,-1.68226307721
0.821672305169,3.0943931838,-0.639409049467
-0.674936506476,2.08040579959,-2.8013915431
0.592976399134,3.13046859424,-0.781092869345
0.357343400581,2.3446162786,2.48620867932
0.0289219357039,2.38935916294,-0.522219619786
0.132114063957,1.85267261601,-0.910182575553
-0.112585534317,1.66092110354,-1.89614811599
1.28561429645,2.54737375551,0.104597400262
-0.597123042091,2.23502848882,2.16828158429
-1.98381524644,3.0580332942,-0.548245739181
1.21139069998,1.01207546559,3.29646524555
-0.300310728499,-0.0370619069015,-0.971759557492
0.995619393289,0.893967022877,-1.61173234381
-0.220372473958,2.04789251536,1.31216134909
1.92823561485,0.709279992495,-2.10197432189
-0.583685788698,-0.0449950926595,-1.25179728494
0.529540395795,1.99091281012,-1.04770847012
-0.418265473802,3.27869112281,0.165585427282
-0.0853776739622,0.839523994787,-0.0936353048067
0.714168393384,2.71728500473,-0.418605360282
0.820930674792,2.26866217769,2.05055590588
-0.848299745578,-0.0866254548202,-1.23758204123
-0.443875360404,2.31860993894,-0.738584406396
1.49722916601,1.3503115311,2.60890390084
-0.325499965299,0.375827801512,-1.659348164
1.19689374083,2.502823075,0.133858549685
-0.0095885898293,1.3677167454,1.8602409179
0.187273674754,3.3973324361,0.759298903705
-0.130383131329,2.51212951427,2.45535673911
-0.96741854145,0.958098298125,-1.46110917588
0.75460125144,2.43581036229,0.344144410856
-0.449929814333,0.988361008097,-0.405706334912
0.33811822734,1.00980836144,1.68605394199
1.39759058653,2.1963941612,-0.966313644976
0.322073285381,1.21318755748,1.81331158421
-0.156724193167,-0.369845562236,-1.79256730488
0.592240408016,1.81079925635,2.88781487589
-0.0964980038076,1.2602614175,1.66531451763
0.574333916933,3.18570525319,0.0223809719036
-0.0191912551563,0.923549451826,1.94772133768
-0.41232568479,0.410159847082,-1.13495303335
1.67911296655,0.933079956685,-2.12793769907
1.08208152875,0.665042092682,1.34080796067
0.418731044262,3.06687666076,-1.15039230674
-1.74388393701,0.839285547525,-1.06581493909
0.554693959731,1.17827139038,2.11102863909
0.913969488787,2.04254786804,2.63840867263
0.0275276844436,-0.176827631387,-0.710181538921
0.261461217596,1.80163264866,2.33845082763
0.115674904177,0.784159428087,-0.520482908999
0.0342834713804,1.78759192654,1.33029242246
0.691492923472,1.93757595254,-0.0759519753185
1.20861772463,3.02002222322,0.599096284859
1.56503181576,0.91192568011,-0.96578855267
0.0202942914578,1.43052972493,2.21149569523
0.493952307486,0.432705800028,-0.542660062503
0.558031411256,1.34513638006,1.9144048349
0.0463845981615,2.85672434642,0.197824336316
0.513397474279,0.956820125681,-0.524743076909
-1.20443792821,-0.0192997378791,2.05145429603
0.190890960303,-0.352018582907,-1.28532806856
1.03425342707,2.79894456304,-0.50054037665
-0.470288723185,1.51055399283,2.16286581892
0.224636816718,2.75941981288,0.0761261793291
-0.130359237818,0.496236559971,1.92686618651
0.203283401561,1.24539746485,2.23029737921
0.350823589538,-0.143459378522,-1.72542491396
0.863412001377,3.38978166345,0.644292819967
0.0849333113111,2.54319078535,-0.670693115962
0.664930643238,1.15460730411,2.4688481825
0.886476914218,3.03291232123,1.55615712168
-0.664218780642,3.46059960096,-0.39501152465
-1.34296916331,2.16270073073,2.65204348339
0.283640300786,3.01326441285,0.797090546534
1.25947484737,1.04919039514,-1.07186095829
-0.846836890129,2.52939961305,2.73179826538
0.212223658265,0.889476633496,-1.25788775057
1.0058833911,2.78493791287,0.156976489835
1.3397272416,2.03995110325,2.47108053618
0.226265802993,1.12797295964,-1.50571777476
-0.653976538542,2.50759647874,-0.142560217782
1.64871113745,3.02687418294,-0.0859852681837
0.810635459428,2.99227099833,-0.932630076133
0.979134444423,2.84084714418,0.583882890002
-0.352624104979,2.28083573826,-2.01558166892
1.53922922287,1.880990673,3.63559393118
0.293913483135,3.68768789259,-0.678653309687
1.10348421863,0.827820789136,-1.5208165591
-0.745364108132,1.16279484099,2.16665356489
0.36595533664,1.23499342345,-0.321844994575
0.0368968878282,0.758566242234,-1.61714634312
0.429593594677,1.82502677901,1.08112894789
-0.305140809094,0.535698303215,3.55066356117
0.133508944483,0.151235545774,-3.01409112224
-0.265195991533,0.633708894532,1.32701393879
0.369378092363,1.06499976464,-3.14991803011
0.982050107963,0.684224913397,2.50319020086
0.739311752167,2.97167784581,-0.0534998970307
-0.27438284793,1.18809119518,-0.703860043007
0.507105909017,2.52661494872,-1.78068856055
0.17626266895,0.86984841975,2.54677945417
0.640292049544,2.40683192201,-0.265913369789
-0.141264576112,1.33616933399,1.49282686892
0.365943105625,0.290247555935,-3.20999531343
-0.27714474826,1.27722269165,1.12263190993
-0.518432659809,0.803069306647,2.58541991468
-0.565759339072,2.44567808626,0.438201063991
-0.123253281729,3.72451879966,-0.604037545156
0.548585306465,1.17157548456,1.09440656131
0.72387455268,3.11983295191,0.117826969179
-0.410878610349,0.645913815095,-1.63532500009
-0.223262852821,0.972625891298,2.59471195963
-0.0692775489907,3.36020051008,-0.677089332889
0.520919372182,2.74049811484,3.06841643769
0.415269766918,0.317251964584,-1.75989973268
0.717754422039,2.35852010746,2.32032193291
-0.375235755329,0.910182053135,-1.4963571567
-0.141825283889,2.74644362683,0.46904635262
-1.38112637947,2.12796095901,-0.904227897144
0.177178611134,2.64731197005,0.449050883354
0.946874420045,0.393884047931,-1.15935767286
-1.39117978541,1.66889196831,1.67213298692
0.629369557855,1.9933124502,-0.0154209969066
0.497548574556,1.58536344322,2.62260407254
0.374542606232,2.25957667041,-1.71130852439
-0.0421138313747,1.72397605613,2.58035715548
0.625181577081,2.25576756305,0.534056913305
-0.289630425196,0.865173991928,1.83617241747
-0.663496243274,2.54992065513,-0.26640403641
0.324502329975,2.11885821644,1.6783653482
0.595206362322,2.93225707654,1.2611794564
0.0180008826659,1.18221017867,2.71594529202
-0.512429767456,1.22897167646,-2.04916891685
0.288096537909,4.15587937547,0.01655106818
-0.589290355541,0.52023597653,-1.1992937339
1.64682323321,3.02747954254,-0.0299503645954
-0.258782449294,2.20702224442,-0.302948028941
0.265526734465,0.525525671177,-1.04596738986
0.201598094563,0.341510998812,2.27318592215
-0.480425519565,3.5076760537,-0.216447947894
0.385676244695,2.2969901491,2.80418690377
0.39235024828,-0.518316368494,-2.1306076899
0.280459388087,2.79357641111,-0.902523566121
0.65507516419,0.721751209511,1.32706925208
0.00410908873591,2.64789745811,-0.268741273
-1.04121878094,0.320090572735,1.9727156145
0.31889093656,3.80223656297,0.617938392953
0.779024672752,2.28296054371,-0.958979546543
0.624746988775,2.93979042403,-0.187748826795
0.105310303169,2.40224238009,2.08241652151
1.3139991167,3.16118010686,-0.07277774831
0.974202514134,1.9138563313,2.07075076666
-0.360080962936,0.846875023136,-2.27912805272
0.255073963856,1.64601195326,1.02793549124
0.0757958103035,3.68728966223,1.62738144417
-1.03253555775,2.85211394276,-1.46995666493
0.701140707383,1.51948914191,1.65720587128
0.75649832559,0.499801992121,-0.935661836857
0.361416653197,2.23830505619,1.54389652079
-1.36327212541,0.865573922208,-1.43452561175
0.695057971565,1.48477259251,-2.02129908308
0.345437999404,1.25497704604,2.41629895506
0.745270817659,2.27977401178,-1.14945673978
1.2785785941,2.02917633448,-0.228841328181
-0.386260376326,2.71954238784,-0.184468937406
-0.194597212561,1.12507390682,-1.07389029516
0.987642875223,2.18139186052,1.14146860406
0.717034286027,1.81314527991,1.32162868967
0.0759072855861,2.97326450705,0.63544204014
-0.235386150411,1.14294405254,-2.02179644202
0.749204674539,0.705589821785,-1.38761861044
-0.119761631546,3.83927605119,-0.987734922585
-0.279829681169,1.76136312747,1.66380284601
1.11643258683,3.6072582614,-0.88038384384
0.121397590032,2.98569054375,-0.0109704425917
-0.674564439338,2.05895681832,2.40741280181
0.325373701659,0.214992390744,-1.14669299941
0.0708511557974,2.30468693113,3.08121107679
0.432418029657,4.10995034294,-0.927034160265
0.120746526405,3.36415310328,0.533666367189
0.371362583446,1.10834422214,-1.55437106281
-0.637859337068,2.69289529804,2.87187241956
0.715006871498,1.52549151961,-1.38284774569
-0.492629628177,2.37888668298,-1.66349613782
-0.516025688158,0.8265524334,-1.45244341373
0.903815184675,1.44459237606,2.52580497598
-0.705667958324,-0.22339368238,-1.91801384208
0.971018000089,0.894966928396,1.95529059809
1.06549212086,0.826983507293,1.74797490824
1.05623676199,0.633742124745,-0.714627258517
0.141667862226,0.655808804374,1.47910653095
0.0307998355617,1.13222986265,-1.26964842591
0.041270851549,2.89914585459,2.11085961513
0.044943968787,0.544899304484,3.52777298714
-0.239966872889,1.08698480977,-1.54587544361
0.65544117591,2.96087676294,-0.126717978552
0.852541097441,1.91500405336,2.75841867046
-0.252277469221,1.99082000015,1.58015170837
0.270614328608,0.0732174221782,-2.32609610544
-0.982142117177,1.19081515095,1.6930584108
0.0938078250265,1.05016326578,-1.9989425632
0.71725380531,3.05369439733,0.351112567227
-0.0691510524739,0.905221761097,-1.23264446278
0.622760067626,2.9492060364,-0.215668158582
-0.426815314092,1.8460887599,2.58292237574
-0.199911254807,2.03921448449,1.77466038147
-0.706546503835,2.32200645667,0.1442840868
0.806440051512,1.00191503208,-0.813315682265
0.697945190567,3.11011853233,-0.227894963193
0.470208183445,2.01610743635,1.67509543147
-0.23845079575,0.523278003137,-1.72052387366
1.21297699619,2.12234117876,1.75982652285
-0.0095579984884,0.538203594354,-2.01367168786
-0.0956395231226,3.55696299789,-0.76251844068
-0.422307634226,2.21088960997,3.19968905386
0.0835264576337,0.00671883315194,-0.894982933142
-0.31615728393,1.43791603756,0.679198299435
-0.912770512058,0.520603173907,-2.16702219498
-0.615626753121,3.62752919065,-0.573827180476
1.1908300937,0.200780790652,-2.43774644586
-0.74080268267,3.58084175655,0.593178368982
-0.458670691421,1.46930241827,2.48401755352
0.196821639576,-0.243124596456,-1.7452630984
-0.225290756158,1.05034703574,1.5864036123
-0.461767805755,1.39910413279,1.91688069431
-0.110161604228,0.922070510074,1.51256685623
-0.385952343718,0.117574004465,-2.91109524249
0.273635783841,1.43905465945,-2.68519395969
-0.476275998921,2.44823056959,-1.04793203716
0.652415242178,1.58323687717,2.05313079916
1.17665256037,0.547215529682,-2.02535692461
-0.306118428594,1.64183476594,2.71942737834
-0.529553087103,1.7079325798,1.98806457778
-0.897937431006,0.594169510614,-2.2117791583
0.095170500328,0.263773887192,1.44349599647
-0.131778552613,3.49853531947,0.374305602616
0.239463719654,0.378041069896,-2.14677247104
0.32735218134,1.44386042885,2.60040592632
-0.807914128115,2.07313263969,2.31636920459
0.0527691613436,3.23287530525,0.431988509564
0.424336909776,0.970739429128,-2.29566231129
1.11397873476,1.41678766329,1.4098277554
1.10231309935,2.00440969718,2.85305755739
-1.30149151095,0.369735152337,-1.46569115085
0.366340536561,0.452029277353,-1.43322779463
0.627223941212,0.879215534953,1.2413664102
1.6403856821,0.206056517519,-1.6829889277
0.980805194677,1.53076967712,2.62381220409
0.0839591183335,0.0267671774105,-2.19638608452
1.17489057639,0.806269121796,-2.27996045842
0.891189387229,1.83525642975,-1.08829416653
0.760366399425,-0.654037786003,-1.88527155461
0.223720308847,3.0024962317,0.145562350358
-0.484159909074,2.20350357664,1.39199961593
-0.886628354033,2.27360858908,-1.19811964149
1.49613107841,3.16001545352,0.488649321662
-0.345543959541,1.51595890033,-0.839101458791
1.1300636641,2.50486961876,-0.175817846896
-0.452266415085,2.72888241383,2.15553000055
0.244666325548,3.35283008528,-0.646885686354
0.368819694682,0.125880211276,1.49744622035
0.0268228710208,0.937083296137,-2.58995890489
1.3844035419,2.7945991178,0.164250992215
0.336859074316,1.46971115549,3.06875010486
-0.212030427732,0.00121862708525,-1.76790051419
0.299546859176,0.137532037983,1.84266273452
-0.069980256724,3.04159810997,-0.48676493457
0.18364883942,2.42605131946,0.108425389626
0.397243946591,0.727108083997,-1.38017344012
0.246992409562,0.808205292769,2.65564338093
-0.791626753057,0.820600400537,-1.36881511157
1.16675504134,3.05669130566,0.891331205768
-0.00995263285328,-0.34462921149,-0.918612472154
0.481046037751,2.95990322729,0.816130891591
0.63064076552,1.82668668313,1.68093923468
0.39573069689,1.2170403134,-1.20745442134
0.387851479236,0.814397739197,2.39701603219
0.542865984589,0.873014229758,-1.8726984304
1.46306752635,2.03227435585,-0.633917013011
-1.60421718906,1.03447031518,-1.05533037047
1.13815210866,1.92843984222,2.8974272062
-0.031273393954,0.932528398729,1.78642625238
1.35246874504,2.623351225,-0.35486478729
-0.313538598669,1.00036988786,-1.94464514351
0.572580192256,1.35489124999,-2.28854990207
0.0177772883069,3.40075210697,-0.801971829968
0.264490251208,-0.461983409139,-1.36924643827
-0.776494921805,1.57681012021,1.06103579286
-0.00652859027071,1.33841414545,0.76474332975
-0.958191665605,0.808987993399,-2.07836219096
0.249785791831,0.546531468793,-0.772381228212
0.679954576153,2.67800253325,0.397333101307
0.0506140535502,-0.923097579845,-1.70805496028
-0.173689968903,1.52547240952,3.31350316399
0.164502790976,2.45157610366,-0.26943283301
-0.467988653346,2.63246381284,-0.785413831813
0.712554948337,1.43912957247,1.49014084897
-0.390986660018,1.65042967899,1.88346758849
-0.701483299442,1.72446940078,2.01370165738
0.340153062524,1.01000570182,-0.759361256341
0.234601999339,1.3931898805,2.61522728106
-0.640653176073,1.0898312662,-1.77418544344
-0.329296792466,1.20451456068,2.52969913633
-0.0505777818244,1.18219896352,-0.888438041566
-0.563255996836,2.20238565113,2.16747259412
0.81422933845,-0.104378911183,-1.58883785194
0.327407759038,3.00359985753,2.22071913442
0.115225907737,2.3170205082,-0.779242963275
-0.440926295945,3.21885391317,-0.264450187115
-0.0466268049662,1.67060064409,1.13162776302
0.0554584730031,1.09996978494,2.11030619756
-0.599191075845,0.402064099073,-3.0017782117
-0.418196019952,2.26381347366,1.85249830956
0.305795985418,2.32657270704,-0.696891451388
0.181743810141,0.822743465459,-2.07903800289
0.488518480431,2.91743614069,0.0253138911048
1.00318582994,1.73257510808,2.04906224599
0.600329958333,2.29973452557,-0.669628268465
0.3896644397,1.09373113411,-1.24006362239
0.276486259126,2.52390273064,1.61530767534
1.37116231649,0.926848871006,-0.740353891672
-0.0640331442832,1.93407577376,1.96658536231
0.322828660995,2.6153227466,-0.975118230416
-0.0150610469897,1.6891392735,2.29307837779
0.318754349951,1.56066531202,-1.91560747614
-0.139987250434,2.52819011255,-0.931785172287
-0.00481017673757,0.0627322499849,-1.76065854393
-0.517157125117,2.65561820306,-1.13271295941
0.216790333449,2.3583136509,1.73265138914
0.506760969239,0.563263960315,1.33846687357
0.745329133354,1.47634855979,1.90644168743
1.49015292647,3.80731813468,-0.565286695101
0.760783314823,2.3830946573,1.95412722463
0.610080425571,0.660115470196,-2.35398368645
1.01833066707,2.24446619575,0.563757169884
0.122416455143,1.32967026661,1.52906883321
1.46587788895,3.97852639624,-0.0915802487149
1.41549951706,2.31891961448,0.83968151013
0.698848071627,3.03463202093,-0.666795557866
-0.802321234905,1.52201925007,2.3485435031
-0.0650277709447,0.470353772792,-2.4012204474
0.940736069507,3.50393801516,0.206324057
0.332531622029,1.08771314522,1.91815139679
-0.846021671465,0.802441707773,-1.33688117263
0.0894059479796,1.81792048419,1.74155705597
-0.0233600308905,0.197670011396,-1.31979648158
0.0508204315784,0.925926615558,2.51615044304
-0.306977158023,1.65827178521,2.08705337755
1.22381937324,2.97201765351,0.0865318062057
0.248340573805,1.00545772578,2.11047664445
-0.158367929432,0.373965900357,-1.46669565745
0.342201973933,1.82038427899,2.30986619809
-1.40691765168,-0.199853297389,-1.55423779886
-0.0512159642424,2.07170149759,0.41986799203
1.09698262957,2.08610806863,2.47802687758
0.943628027924,0.187477303134,-0.287071837302
0.208651525723,2.54209386886,0.151463313374
-1.31186800574,1.78380080166,2.50693455729
-0.88281973334,1.1794314437,-2.27227715174
-0.0490516578398,2.43095122722,2.84738184494
-0.180391914936,-0.407314510879,-1.2633324016
1.15418028856,2.66787848771,-1.02376912134
-0.313879759377,1.34437754336,2.09252559634
-0.0982449070732,0.885654889445,-1.28054522927
-0.047347979808,3.5057156062,-0.428083051862
-0.0320985551024,1.52573960756,-1.80596116449
0.609091625366,4.6586549026,-0.615177053455
0.199013907603,1.71080159202,-3.42906537419
-1.50282037366,0.69196163616,1.60640240691
-0.139858993866,1.09643670856,-1.19929983111
0.46724954178,3.07852762262,-0.0936557760529
1.11201139622,2.26330984789,-0.536693848648
0.0758240681349,0.341658571345,1.61276947074
-0.155490626344,3.03387944483,0.0833348925823
0.840489157482,3.5971535044,-0.429562835186
0.812308098851,1.31360506729,2.57355983421
1.10335071515,0.869051452019,-1.83927112331
-0.850503224224,3.12121423528,-0.333252743651
0.079039716354,1.79609592816,-2.13631532678
1.33691190703,1.87564544064,0.604173192399
0.391682429219,0.525343155755,-2.09236016236
1.61197063478,3.76386414691,-0.777655892848
-0.326426182404,0.0078527146833,-0.808074908767
-0.076784130782,2.55879851067,-0.0924366590994
-0.430255726347,1.01442080429,-1.03922545807
0.854795981296,2.27982758463,1.90126946489
-0.492271916645,-0.0584970365014,-2.65669898567
0.606868108046,2.48646976277,0.909166760146
0.665283703069,1.55995353099,2.18724999576
-0.241462684631,0.774328435622,-1.14680724757
1.41590075382,1.2537290107,2.22495366881
0.0995377936569,-0.269509843427,-1.58367149041
-0.0390721205652,2.36907739661,2.27506345553
0.487094208097,0.742508182178,-2.69969182343
0.989433058629,1.37678857579,1.84696808348
-0.25427238247,2.62395743473,0.353618836946
-0.80366604627,-0.190077905844,-1.68605041144
-0.200361819773,1.96022115802,-0.339116783777
-0.760845304303,2.50967358684,-0.657630853613
0.568480200595,2.41183601368,1.3161127803
1.05320863057,2.62289331033,-0.810876734591
0.335096007042,0.722300141924,-2.13819781372
0.313132284201,3.80087080991,-0.82230187378
0.2716061059,2.55631039425,-1.13596327312
-0.53232243835,0.195435708221,-1.61083080348
0.654675659868,2.71861029978,-0.803691343758
0.742028682495,0.707221366206,-1.32044616415
-0.769492747887,1.23110233914,1.90149680364
0.135174274345,1.39495418462,-1.70145313682
1.11396288656,3.32348699728,0.937318852265
1.27468687266,3.27397938521,-0.398322051011
0.0413977738542,-0.0357924537906,-1.70209625907
-0.421676337276,0.164773079305,-2.45072593539
0.330769248659,1.31094951395,1.87128052271
0.430812955574,2.62008450511,0.616732924165
1.49216156486,1.47746291198,2.39273850212
0.734164715184,-0.776818584276,-1.41838975751
-0.368982201562,1.88586523273,0.153410040129
0.33902620853,-0.0551153882882,-0.272023476164
-1.06695400069,3.57938437655,-0.464722575805
-0.0418800263587,0.436176549492,-1.19276224596
-0.190644937263,3.69843567845,-0.210644499507
-0.894162425338,2.1395063615,2.08635243149
0.144413674669,3.36223385456,-0.617615530296
0.26757280841,2.26941888385,2.20001956996
-0.16793337378,1.97750934681,-1.7105596933
-1.6962507521,0.934846952813,2.3490759278
0.300195040132,3.7570384178,-0.406423646656
0.969343879979,2.58712256131,0.370773089893
0.144207247798,1.36595772221,-1.47087398579
0.240318516743,0.985284825039,2.30114604538
0.489750597981,1.36757683811,0.0187738886865
0.797203956578,1.70886958197,-0.691531323854
0.706215492691,0.606889730129,2.5736988655
-1.15476777132,0.374198764898,-1.28298492232
-0.186318153617,1.67555929224,2.13951257976
-1.05624984771,-0.580087045504,-1.37568630244
0.248929502986,1.23641195717,2.47630496117
0.943228355858,3.22475770404,0.0551781645883
0.271488860441,1.82554166568,2.15999243852
-0.745267044257,2.65984164014,-0.152659254647
-1.44717922794,-0.16377164682,-2.36411278258
1.32562308118,2.96469618758,0.086329254988
-0.334677148317,1.37156423088,3.0500265691
0.366773595282,1.32454730845,-1.69279791572
-0.0553090704177,2.29291276423,-0.735813359249
-0.161197286273,2.08496958422,1.93515952447
0.123920222773,2.33769408567,-1.41274761457
0.256566244643,2.71698283316,-0.178642571659
-0.123667177974,1.54814438217,2.54520836682
0.168894251379,3.00929973218,-0.425182093663
0.491254843384,1.8318476534,-2.05061241632
-0.0825720623304,1.25036203726,2.47204764741
1.19063496134,2.96142970815,-0.0691100890315
0.279921678501,-0.891665543361,-1.90285941145
0.0806381292791,3.29954722831,-0.122891318349
1.57238394984,1.86353104496,1.37035389231
0.964595604041,3.36776263643,-1.40251779812
0.737933670295,0.565184340431,-1.4052938728
-0.179460714191,1.83583034609,2.53822632145
1.27400045576,0.378357960946,-1.9094107486
0.917044863239,2.10320736443,-1.34116373661
0.0863435218766,2.30977234518,0.122224774226
0.0630835405452,1.67311727472,2.25836143787
0.505551407093,-1.14085347139,-1.28552293284
1.49704501451,0.989005723724,2.52521602686
0.883297723794,1.68559241484,-2.26223765348
0.711284468784,2.89366437669,0.338405599157
1.32427664204,1.4243221158,2.16056640876
-0.281168977835,1.14240215891,2.07286668786
0.800407006524,0.0535963518278,-1.82208099179
0.432421098881,2.17799722989,-0.0499138327822
0.43912396059,0.883245228117,-2.06702737977
0.640782328625,2.2438198644,1.95821429625
-0.245487962569,0.519303714492,-1.19392139239
-0.139889168169,3.05528632857,0.896132919164
-0.283649561152,2.05290770193,1.53957830481
-0.182031167078,2.86782777726,0.475674611381
0.477585320722,3.81355133084,-0.479955199415
-0.160355986697,0.770434529701,-2.64738607093
0.642302900895,2.55998951464,0.191443104191
0.172232524295,4.05430253479,0.714322645477
-0.114239888873,3.22549330949,0.138459835118
0.283901974774,1.84210423085,-1.56796613917
-0.216306152115,0.839911082988,-1.25452716618
0.366380157968,0.988721906558,-1.71750858234
-0.669967646648,2.90225588466,-0.0341001967414
0.248763428011,0.386038423485,-1.00856351972
-0.639900745621,2.89078733868,2.18213930116
0.97974225733,0.619670222491,-1.76994906265
-0.0170090679948,1.470659136,1.62566031196
0.642377672542,0.259876172516,-0.42841187829
-0.172061522311,3.22177379434,0.0439619880397
-0.245970553204,0.989348532265,1.17927595795
0.592345518251,0.890246816976,-2.14184700162
-0.992199303348,0.427423474817,-1.64253391271
1.70137452221,2.93190263141,-0.142589915597
-0.559903037431,1.87571549117,1.36382840276
1.0465565721,2.27907574138,3.49139220291
0.761257819014,0.399678641561,-1.24662786236
-1.59455644273,3.57144377996,-0.151045908163
-0.0511661468808,2.0909176991,1.22627639847
-0.20745133512,3.13908386675,0.211498735448
-0.649173088554,1.14222514819,-2.3398300125
-0.839944473042,1.27742061949,2.35608870886
0.709747823757,1.95400174656,-0.563223442367
-0.511369067149,0.442528981396,1.97054078495
-0.682068469812,1.0079757681,-2.10789543338
-0.293254628739,0.835372129154,1.24629578915
0.668366344256,0.048938148047,-1.02925348505
-0.876161045769,1.81260378561,1.22180427628
-0.418749015098,0.708058800821,-1.65854231619
0.868296233278,0.818380524469,2.07088351238
-0.188076703251,0.672053078549,-2.15034485246
1.27807863359,0.305511597977,1.63993134808
0.401473190382,4.09112262066,-0.925668897584
0.954929640621,0.340607833456,-1.90802228958
0.345188681721,3.16089617653,-1.31270816232
0.317590758569,0.649163894689,-0.783189443679
0.553761647089,3.05263474594,-0.596786701218
0.225566897517,1.91162738379,3.04017709662
-0.479307452832,1.02903876084,-1.39340103539
-0.384560479301,1.64269055239,1.54695942186
1.06307021176,2.39203343951,-1.18089795726
-0.904768022817,0.863653004523,-0.470503003976
1.65893639707,1.85612674315,2.65468150557
-0.259891185581,-0.183562295752,-1.65517570063
0.188784245825,1.65473848991,1.75014591727
0.620006067248,1.87392412543,1.28105147555
0.250416839411,0.709993606475,-1.8549980649
-0.443336093018,2.61980906527,0.0442862507463
-0.018656198067,3.17136574202,0.0973278030966
-0.779889813901,0.322805569419,-1.89847620587
-0.413222069754,2.12548554973,2.06403838416
0.377478631914,2.81637446609,-0.0206633843544
0.226686779553,2.19983558387,2.14692827799
0.120556446509,0.428122145002,-2.20470221089
-0.0359856588273,2.70258231218,0.776892892818
0.271660419183,0.0152627180482,-0.930299964303
-0.468944223893,0.34139173307,1.66509671349
0.35068200622,2.20288112576,2.22665699448
0.524695580837,2.11383918504,0.564894655111
0.981483516113,3.16695789038,0.521392033359
0.586377958508,2.35277863626,0.115165619775
-0.376705451071,1.92395144275,2.7090341091
-0.380030661107,-0.271280096608,-1.31846857394
-0.905690623775,0.295199240753,-0.65618854282
1.11442793057,0.386041372923,1.85003408513
-0.480874818234,1.70044496644,-2.04943235681
-0.00685898026249,0.627860532558,-0.949966661832
0.238539251924,3.40473460218,-0.558215246171
0.126536354112,-0.234978665981,-1.37587666878
-0.567368679847,3.11053051236,1.72379544699
0.541657503326,2.28109462127,-0.486248671607
-0.168161278627,1.72443404597,-2.12281528832
0.936907294827,2.61061862779,2.2665036316
0.280130274667,-0.730041587938,-1.87633461184
-0.167510435896,1.66460781808,1.84891496999
0.639959722176,1.6870326712,2.6381342632
0.423938029079,2.84460257711,-1.10861175833
-1.13400359446,1.40221221888,2.30332816518
1.25019554299,2.60168810082,-0.345531160665
0.985444872833,2.7194250718,0.891300918396
1.10123587807,1.15438225179,-1.98521905006
0.00614149727844,2.42435714716,1.87352252408
0.622797093728,1.30593221295,-1.67001880915
-0.256901776371,0.83803191002,0.693916053733
0.429214671688,1.15308420125,-1.7935565853
-0.24108440457,1.27079860754,1.95981492613
-0.202509463431,1.86733761439,0.0113612161621
0.0704140611167,1.70029964397,0.59783899735
-0.327587118997,1.12221055148,-1.6642251712
-0.0544145942684,0.106192036695,-1.14611840783
0.356286184243,3.83490513135,-0.130848771285
0.929663352617,0.953611169747,-0.129621741216
0.780702803519,3.02312585799,-0.635873136011
-0.433450851197,1.87961559459,1.90958201176
-0.783439011865,-0.426816906825,-1.37671806344
0.358077965215,0.176736821163,-1.99704791762
0.841494089389,0.811227594863,-1.50517788345
-0.210674034641,2.52905857545,-0.163440889885
-0.0715089453013,0.556714934844,-0.62934953336
-0.0602941565644,1.9485778385,-0.513911550064
1.08072286234,0.0601599614982,-1.63823382861
0.729468152461,0.211786795359,2.09904378971
0.912155489257,0.966991090542,-1.42395316843
0.35773135366,2.35190602836,-0.811875990317
-0.400180773536,0.464007605138,-2.42085914654
-0.55539083396,2.65975469512,-0.0950473539974
-0.0643283108075,-0.194466463229,-0.721921582551
0.889501745014,2.41044998875,-0.526176458653
0.794071286851,0.490927180264,-2.31786057742
0.0437552385382,0.953302909402,-2.07781668588
0.360663905388,1.15154486949,1.89329910561
-0.745339857385,1.90436988185,1.43146677616
0.822225922457,2.90338068118,-0.355933758949
-0.457976243055,-0.0958997178559,-0.707270920504
0.36606164889,0.946777618787,1.50721927064
0.00905087063536,2.8263572786,0.223347787558
-0.664293480835,0.874583917627,-2.5946133152
1.02486492376,1.51196497161,1.07507834697
0.63717758528,2.60252401979,-2.14240736803
0.0321452188649,1.25111199327,-1.78748152666
0.838011682768,2.3019608925,-0.332164399643
1.04817679673,4.57944249824,-0.903906997033
0.160304165209,0.0252657120487,-1.53487618341
0.179918740711,3.39731132597,0.383456382588
0.500746838254,3.11968720749,2.60951179905
1.46854577768,2.34692749446,-0.118418745558
-0.0562594748833,1.08811992785,2.50479301345
-0.503320687649,-0.0639387953399,-2.18048982056
0.0599022265841,2.38311346072,0.767445935082
0.661294691044,0.482420829064,-3.25460752569
-0.308657700836,0.751444853425,-1.47971861328
0.0825541356811,0.665243023712,-2.6419001912
0.410806943934,1.12354006129,2.03009274438
-0.156011178484,2.55572472116,-0.325798184655
-0.804361019861,0.0769921317974,-2.57395400079
0.487636410874,2.05438131479,0.682112149604
-0.253305669355,2.08782701744,0.733400219523
-0.0370932206958,1.0750241456,2.06425421692
1.93697206141,1.46125777366,-0.406341213123
0.272218403202,3.0208088768,0.554882364646
-0.0959477678036,0.925575149444,2.16122932115
-0.996904226816,2.47087176072,-0.699124579232
-0.860970876323,2.75476349435,-0.427072182298
0.113581927078,1.18046132378,2.41717050201
-0.247370880135,-0.192907696748,-1.21928481413
-0.172045048438,1.85636495036,1.6271608459
-1.37954750018,0.558952150574,-2.37649041621
0.238133146707,2.34297740838,0.603885783089
0.285694597301,0.761533162048,1.59836788862
0.211779730043,-0.643348518573,-2.51527655849
1.42985149592,2.6981235847,-0.930895814507
1.12127789955,1.74272676232,1.58817102584
0.642341812291,2.79261450549,-0.818345418224
-0.348148742063,2.00143207166,2.29233011154
1.60283015603,-0.095170968978,-1.62621153625
-0.719142760135,1.36215049699,2.7042240607
0.0236161812339,0.560659721975,-1.43303804115
0.516650825251,2.04764709361,-0.394882246686
0.0767722771862,-0.0304980275335,-1.12413318588
-0.923766762192,1.82200965269,1.96363520443
0.382048309588,2.57334336873,-0.0779820810135
0.400643851039,1.12423971386,1.8956761705
1.23782169741,2.9627437173,0.517109986969
0.59998769264,1.64288486816,1.89901538029
-0.071951214154,-0.259103992979,-1.61413362057
0.624478186691,2.60121073628,-1.4101077117
0.108323846096,3.57663368421,-0.42394206448
-0.419610813189,0.612519879473,1.11285841783
1.04802397835,2.96008841891,0.859364736254
0.586028292194,3.04298593802,-0.0792295623195
0.129458911604,2.83919053989,-1.03251097976
0.167024646542,2.99866051693,0.547317072315
-0.12319399583,0.915000384845,3.12315757834
-0.455228359158,3.37376317511,-0.506762127427
0.368705376035,2.73166061675,0.205020756302
0.769467907749,2.02777079469,2.29320375437
0.130868994244,-0.421699683344,-2.23096680035
0.92286770543,3.63943926924,-0.187168991135
0.167774898171,1.324685552,-1.92533876587
0.202232636715,0.426970207399,0.875412769643
-0.887405481857,0.162638520905,-1.41471154151
0.0489866642155,1.54482608829,1.10968601754
0.0376441558631,1.51577051806,1.87631503763
1.19053384036,0.60589869075,-2.22247106323
-0.86842213556,1.26283545065,-1.10753030413
0.164855041924,2.13787410796,2.34458528206
1.27310453207,2.98292530451,-0.666729750796
1.0766982487,1.97682447897,1.4792672439
1.08103358006,2.80854529363,-1.15521969198
-0.881819653704,0.768758992675,2.80879454993
0.0500439399131,1.97404854559,-0.999852979169
0.666617070578,0.0829941353799,-2.81941182894
-0.601732788814,0.524386667952,-1.62515915473
1.1213778689,1.94744269658,0.945119965551
0.40402238422,0.254147701896,-1.91699122765
0.132823491594,2.11409060563,2.02857960481
0.156577693527,-0.132982080754,-1.77286386768
1.27510897485,1.66120753511,2.56818892351
-0.196887931894,0.237289912816,-1.79305903079
1.07399911715,1.87845176532,0.172629910091
0.217476624674,2.73940860923,-0.471295549619
-0.301199502523,2.247366988,-0.0352085224437
-0.0402108312323,1.69805964572,2.68899201678
0.339031815464,0.285705362558,-2.29016913356
1.16310135587,3.29068885586,-0.12128411115
1.75715162281,2.43864930354,0.697039871238
0.95289160713,-0.177784317149,1.58749652514
0.0910765954286,1.25708479599,-0.64100927316
1.57467570897,2.50939232284,-0.000834132131408
0.821902250247,2.85296626973,-1.0595196764
-0.348435463506,3.95554748155,-0.527460794249
0.654285839535,-0.287930100121,-1.71471858031
0.365782624679,3.50499075677,-0.483409446738
0.535070525264,1.4557602878,-0.8679634285
0.492313196985,0.912394807836,-2.17195763004
1.31969905275,0.775028344364,2.57227296979
-0.0903620549902,2.23613538899,0.912850857492
0.471038561167,1.72812719822,3.05412052489
-0.242570432997,1.92955171606,-0.456444955032
-0.116289985119,0.133806846494,-1.88653519398
0.307407102522,0.620634775322,-1.55972622744
-0.136251711309,1.47973923698,1.1327904486
-0.907558837577,0.505108606876,-1.58847361221
-0.254523510685,1.62210483692,1.16601107186
-0.390914756867,3.14348962686,0.835335252746
-0.179614753601,1.05287299191,-1.53475078292
0.4790912669,1.67497472221,1.66356412821
0.727711652748,1.5450534944,-1.16630430748
-0.0618214583671,1.97172992455,-0.330541843911
-0.240534131897,0.951591495456,-2.35241204112
1.03511937691,2.0898678839,-0.117005095552
1.04974596708,0.136092581408,-0.863885869592
1.24647554796,-0.053740172514,-1.58331852418
-0.249653387327,1.51048952025,2.20874078942
-0.265622589654,0.194036927898,-1.3796173338
0.139937240726,2.64188756945,-0.518386592326
0.022941040289,1.94197530324,2.72241304474
1.25225450007,2.91760093292,-0.251712055889
0.297189901251,2.17870218989,3.4470007164
0.76370198436,1.22725196348,4.50701774387
-0.050573798881,0.851420560391,-1.42549908154
0.348682082632,1.9139224454,2.65205447495
0.663519756086,3.44223210805,0.582613815504
-0.949664599866,0.813684286847,1.28287290821
-0.251780308921,-0.0695150283992,-1.19777565616
0.490799804939,0.124944852469,-1.54863719198
0.866334062949,1.35565152254,3.18771274213
0.387569468028,-0.0163119132795,-1.49684188691
-0.137891849102,1.68383502486,1.6184691365
1.00158312508,1.6398957754,-2.47503491404
0.740707075275,0.638033754031,-2.38032733933
-0.0244571220807,1.72184760238,2.51312318072
-0.23572094316,-1.04475843322,-1.76844760155
-1.1019263858,1.99386317429,0.0375282700723
0.321197122933,0.935934029681,2.35490528988
-0.0508006644713,1.23529372127,-1.96828087308
-0.113885124339,0.690283363051,2.47192902519
-1.02438064299,1.75852113767,-1.73518371158
0.630398460535,3.22103366442,0.364645794199
-0.902963238106,0.76443716199,-0.561297665578
0.166531588854,2.33783685005,1.95434747026
0.121709326639,0.864613348388,-1.54516093614
0.830398784042,1.2436192255,1.55559830422
0.0451753291332,0.457648666745,-2.00583996926
0.941338291661,1.78865825539,0.438874623321
1.12826542911,0.80671113221,-1.99528156501
-0.0966119925433,2.55858547967,0.338797125429
-0.54467076476,0.879631677044,-1.33734727686
-0.743050228065,1.59502410158,1.23340395194
-0.428445041914,0.825768273774,-0.95775667215
-0.922527714803,1.72423075347,2.24456301169
0.864168442798,3.55464078313,-1.15273075607
1.05689654221,3.90966086894,0.905630527151
-0.584930255371,0.806043235454,-0.46565289924
0.688853045775,1.73404456072,1.9830265345
0.0114274123516,2.98327608845,0.941501921563
0.178138182068,3.78362106336,0.312706071088
-0.103001690536,1.46216731888,-1.84184808223
-0.334801321515,1.90131161232,0.0217506020862
-1.53362539479,0.466586685913,-1.42466672565
-0.255520563098,1.75739942267,2.61084125761
0.147359773586,1.31915104154,-2.37500463402
1.34786224057,2.53364055722,-0.0101720403162
-0.530734145569,0.906107681398,-0.932845544313
0.396807280784,2.59677232553,-0.141158437838
0.520557785821,1.72690239948,1.15123363245
-0.607106470837,3.68873008115,0.667218778035
-0.688306160634,0.702242979342,-2.84355936833
1.00121021824,2.75148255941,-0.479452427805
-0.296438961392,0.89551593262,-2.14266067104
0.0898284984124,3.13600865778,2.0071607643
0.84983932899,0.984352752676,2.17482967787
-0.268534561539,2.42326478877,-1.28600001889
-0.111117207535,2.51995517054,2.59801009433
0.0352881893885,0.315079188968,-0.904004898727
-0.288363719891,2.96334209664,-0.641904225144
-0.919863546801,0.5899805387,-1.40964707423
-0.0906919412218,3.33899668309,1.08536056974
0.323619095109,2.17870359741,1.81762618552
0.714936786754,2.47176190369,1.05885038487
0.916947504102,4.33478409674,-0.393058401879
-0.169488888599,1.84488177813,1.87886928244
-0.116422389748,3.19651133592,0.777935906701
0.707830206836,0.555553131803,-2.4998457815
-0.0760612587982,2.28968305626,0.249965901373
0.693837164158,0.841160634392,-1.74984524001
-0.729819332436,2.0876783613,0.650912497653
0.15173313745,1.58093192036,1.83187220376
0.184609795406,1.23473977057,2.21545719281
0.921666198671,0.840817194498,-1.21712747911
-0.633169638804,3.23340599023,-0.0958857202552
0.130015170586,1.00440101989,2.18442929994
-1.21831314407,0.836935994808,-0.936979869822
0.407549157902,1.02043211494,1.52127510883
0.352320069473,1.67125210174,1.90333428009
1.45003955414,3.10895772333,0.311543261827
0.143705972448,1.41438722243,1.85186265997
0.745662689821,3.76702294564,0.168194358597
0.424355654343,1.79641472964,0.291285043734
0.272548495497,1.23762723662,-1.05070931776
0.220840163295,2.59137396964,2.91769411774
-0.467592230728,2.64369196169,0.103101661217
0.497733817397,1.26366406553,2.65634184842
-0.275158538355,2.38282814998,0.922818025849
0.331191446454,0.60794991198,-0.929962813931
-1.59851817567,0.339144254751,-1.47367201393
0.366600605817,2.95064404027,-0.230506603886
0.454253789253,2.64318646253,-0.129981661679
-0.173128299112,1.16883452114,-2.40647443468
0.364307570196,2.2850284493,0.072162511813
0.246515502708,2.40280630518,-0.496813171162
-0.208217741119,1.6088156762,-1.36070349884
0.488329097121,3.71555539917,0.109986246406
-0.137940386118,0.242231282517,-0.821232565039
0.548475304457,0.501229305396,1.518190058
1.2980331317,2.46020441068,-0.40179094487
-0.294724581389,0.955981528734,-2.46783546292
0.325602810638,2.37811813283,1.33047229754
0.888713221188,1.16414145339,-1.49953225643
-0.342525523714,2.95088956579,-0.80422199501
0.149005749715,2.85678064613,0.135681679606
0.562837486284,2.61602706327,1.0721772221
-0.296654485191,1.32876407519,-2.07128801586
-0.252062125652,1.48770720995,2.57233136875
0.214924875009,1.90883661238,-1.16801604544
0.519374045571,2.59104671946,0.0319190563279
-0.375702382339,1.2721603854,1.83993808532
-1.35704677885,1.29036033962,-2.75283046515
0.3441230614,3.28237898907,-1.05812188118
0.2508452318,1.48070003747,1.71242519931
0.0765920559528,0.908317637163,-2.04065196277
0.475956793633,-0.53322336907,-2.97308242984
-0.581665140999,1.02968584344,-1.66117804619
0.210735158926,1.55887202814,1.77599647519
1.16653679941,3.50621243097,0.212685047963
0.565938308787,3.36279626412,0.430555322941
-0.0323441086076,-0.498506841278,-3.11727931237
-0.656238107543,2.26822717509,1.56033048592
0.408025485112,0.475302376936,-1.69719075326
0.591673465048,2.06391506637,0.16570341114
0.00640220051182,1.45506581237,2.56763008566
0.799325330826,1.19822908945,1.03895951426
1.25377746344,2.16721630383,0.289081367916
-1.55934422462,3.20929169895,0.2351937326
-0.0976199620443,0.905139733159,-2.1711075647
-0.063052081003,2.90615243978,0.816599548518
0.241041229696,-0.348067781025,-0.954819806749
-0.866696712021,3.02486834943,-1.38840690073
0.13553590211,0.594796103843,-1.51135127906
1.49151905705,0.918103458832,1.87658844052
0.25907838081,1.22389465547,-1.72933012772
-0.302263888018,2.4603325159,-0.574507143524
1.3575292111,1.31375939487,2.19386602122
0.566426272506,0.885374482577,-1.14097928387
-0.635121800101,0.821386209588,-2.53388750128
1.19407208223,2.71039515467,-0.545564590133
-0.352763637761,-0.00605171498828,-1.17979036087
1.49597974944,2.60844429631,0.0387351199902
0.0214539204858,-0.0326576556691,-1.90293818308
-0.894157577009,-1.60450728326,-1.61223510926
0.493697863999,1.99887845516,1.13378088686
0.6299753224,1.8527324021,2.75043868265
-0.0929835628453,2.96546035719,0.744638570677
0.119473796871,1.06973159145,1.88392510573
1.49785601627,2.62176144381,0.0589917024535
0.865501052745,0.810334980899,-1.24283570828
0.290479377279,2.18139970874,-0.316592351056
0.887381983024,1.81868317505,2.67342567298
1.36689019596,2.76098473528,-0.212389889017
-0.125753153532,1.79641305905,1.49560424115
-0.0595282758592,2.26265502209,-0.238183889493
0.122653873356,2.37547149379,0.664348932606
0.518786526095,3.20853712666,-0.465699935878
-0.0603883821747,0.607054163251,-0.248278695223
-0.0451975481503,1.88333780887,-0.236305578022
0.0356959418345,3.13243316983,0.464785956695
0.145831663065,1.07290719896,-1.47735417189
0.832696429303,3.86747584406,-0.246555469076
1.17988802573,3.14257445109,-0.4226824655
-0.275725995744,0.395913303749,-1.44478112549
0.329729583153,3.24371186275,1.84514473799
0.277554898732,0.0300678380477,-0.688812876163
0.116259537401,3.00688128139,-0.0891932591439
0.85472740347,0.635645863661,-0.446550916368
-0.202435741109,0.283091625088,1.92118519093
0.00215834913134,0.254636559823,-1.59370926719
0.495180999077,3.14252956341,-0.7323678773
-0.281334330281,1.37925533933,-0.870612510247
0.198792049362,2.85020505444,-0.12898385009
-0.266960150449,0.739055186838,-1.25820990572
0.201499542951,-0.0705897351173,-1.35658492694
0.151955855977,1.07281192353,2.31243819303
1.76006857616,1.39859614376,-2.79438319101
-0.26507620366,3.97421871363,-0.71922017834
1.61480907029,2.51808409615,-1.72606214525
0.535835097148,2.18591241573,0.0393928416949
-0.109704194234,0.867634350332,-2.57247341443
-0.0746054347316,0.367712235121,2.40497762941
0.768400765908,2.81845448583,1.01546995223
0.604610028906,1.0346738426,-2.85550529461
-0.555275098777,2.13106167361,2.43277822162
0.439820210284,0.231034335743,-1.93904727221
0.543982368124,2.4480587831,-1.09836785163
0.397456375199,0.315355712208,-0.954733470734
-0.586174178248,1.59317181486,1.50469933937
-0.523906476492,0.596510221142,-1.61364860941
-0.812197499338,3.14782889898,-0.981051396516
1.06477926296,1.70947144985,2.74005601216
0.548494242944,-0.242561873345,-1.30670056731
-0.0649557239633,3.27983397334,-0.606687373165
0.569227489202,0.440710801915,-1.96882913941
0.524695070722,3.97392068048,-0.636910289558
0.455948026784,1.17147702473,-1.8851583073
0.295548256928,1.56807062635,1.92165307747
2.1924455884,3.36445676872,0.0855845361512
-0.79690848059,0.50987503775,-1.17654779413
0.163530229703,-0.0479536568975,-1.86784444286
0.539408771854,3.33846723922,-0.0691470328688
0.648520199406,4.04822857359,0.296696353248
0.189429861496,1.57884566007,0.863215270267
0.0084142778285,2.85824489621,-0.645199166835
-0.290571704616,1.96591504431,1.47677894323
0.132595464361,2.16361620804,-0.575842232514
-0.132193294199,1.00152121472,2.32252452226
0.731524722506,2.33251494081,-0.0311572325536
1.67899463944,3.33852158125,-0.996206013513
-0.0342090527133,1.71407957446,1.28840391522
0.180683718559,4.01544145759,-1.01061651237
1.06904691466,1.45318938,2.58574201501
1.60196178135,2.06699338589,1.74004701289
-0.158439669105,0.991766905717,-1.50895311734
0.273859079189,1.6644759139,2.38044054979
-0.302571546985,0.794084872603,-1.94025153285
0.872854080284,4.29995761486,-0.231894661073
0.235232198118,2.25314065551,1.79493590504
1.12345219787,2.91812289346,-0.412097344182
0.650452456383,0.754481036165,-0.5706860258
-0.168548157972,0.574969069248,2.68918412279
-0.832988742127,-0.190725515556,-2.0105044298
0.822878451847,2.84935882291,2.44075300542
0.503448894199,1.23769171064,-0.415170713373
-0.453957561466,4.6012387735,-0.158951332387
-0.190346818477,1.07430023523,-0.83542969011
0.647591250664,2.71341407147,0.213058928947
0.46798945225,0.044958618861,-0.982868825062
-0.295356723379,2.42785461792,0.0452983076732
0.220115444252,0.71426860188,-1.53336152325
0.835845591817,1.16367901442,-2.66291379878
-0.151376855414,1.23641262989,2.52526198663
0.492171015036,0.845263443302,-1.56637492921
-0.495540610997,2.20954740625,0.665190204186
0.00987754228511,2.1391296085,2.05038946612
-0.885355621377,0.783482719129,-0.824824416829
-0.805648688729,3.43180327204,-1.4247042899
-0.39418696075,0.678636437694,-1.4095026242
-0.19910370329,2.35914145028,-0.707222642237
-0.460873134267,3.35953766514,0.665449165585
1.06116817214,1.35594385768,2.55776967145
1.57715877164,0.790997495225,-1.57868751055
1.00573197066,2.65054617017,-2.28894166616
0.675403038289,0.895156375311,-1.444018497
0.0771843144002,-0.232550096516,2.18415510933
0.0629785501955,1.08224841141,-2.37496836666
0.460753744417,3.02933005937,1.7453504064
1.2620116677,2.62141220565,-0.578780904401
-0.0262264056726,0.816368803521,-1.28596732028
-0.90629038708,2.97210649556,2.1515514041
-0.323258960983,1.56344143638,2.24500751527
0.766597875793,-0.00554458562483,-1.83277947503
0.223971961451,2.77246542845,1.07753365057
0.529246927495,3.60306152859,0.641346310369
-1.04537519717,1.90130573449,1.19972558858
0.335902403069,0.259445841698,-1.63753210589
0.941183676966,3.21973334371,-1.30515720303
0.528894177571,1.67724317166,2.26789705864
-0.166002872909,3.40806284419,0.354494645594
-2.28920148449,0.627010343712,-2.04671702335
0.618258727607,3.51839464257,-0.298837312605
-0.0961509513307,0.734318150509,2.04629611778
0.598766214365,1.4593274363,-1.26532176839
-0.775942931006,3.39574289902,-0.0373310376246
0.313309503666,3.74106580355,-0.281337872134
0.445169650475,2.42808576665,2.80528441087
0.275859361358,3.48053892731,-0.221942849837
-0.119826947048,1.95574764393,0.945668463416
0.328730981416,1.38645279765,-2.30834745662
-0.787124182432,1.52650072654,1.60809617519
0.274740008056,0.301110531674,-1.16867566303
-0.832081577018,2.73654213163,-0.230034273137
0.289602853166,0.517160997898,-1.44526390034
0.340622212308,0.907255454985,2.21242109464
0.00142949752677,2.82130113121,-0.65512036511
-0.236639952352,0.379099184971,-1.12319002432
-0.335765719587,2.1712113587,0.315933473488
-0.322495838813,2.25755065619,3.26519802442
0.281990530678,0.893441331707,-0.946427377754
0.554368417895,3.14801570905,-0.45589172978
0.744593718572,1.65952316971,2.33575247285
-0.656554194064,-0.0702796916479,-2.52488639768
0.582326625272,1.19462231484,1.22505340952
0.108408099667,0.0231016322582,-1.48595492892
1.08426960881,1.79453175737,-0.405778938039
0.409587146484,1.62954636289,1.56977237429
0.434443601136,0.278630774844,-1.35152098568
0.631649586878,2.46091668878,1.71814312174
0.524066456573,-0.647028594445,-1.40882916755
-0.434199179137,1.04784457864,2.07508181518
-0.502923936459,-0.423100616247,-1.26516622481
0.602361663001,3.44431858331,0.050048068982
0.273726192976,2.83731719474,0.511967964899
-0.282886800799,1.48497084116,2.95418438852
-0.0439993953671,3.44903411292,-1.30502570706
-0.797371121619,0.85713918664,-1.9380866178
-0.522870183737,2.80143596636,2.11079479475
1.34216823844,3.6526558819,-1.09370475263
-0.604520796849,3.8757323642,-0.592964070538
0.424869750328,1.51000085385,1.31150819351
0.790632971493,0.0566827004696,-1.19251274273
1.09450863464,0.906227527478,-2.41352420121
0.0697644385722,0.404958700835,1.87693933206
0.427282776252,0.735748924558,-2.80502626397
0.769381079736,1.05751193624,1.80392154308
1.17369896086,0.711386838974,-1.61807521719
-1.09300142146,2.87928276123,-0.326561309514
0.1050665581,1.24011359441,-1.98906703997
-1.1202992817,1.51027818558,1.52438400886
-1.55601359414,1.07132164276,-1.1816622179
1.34457165815,3.14721388166,-0.318894642022
-0.90067837316,0.497277753025,-1.47481588542
0.850438191366,3.1788793502,-0.398614293253
0.237065529283,1.44972244023,2.33778399161
0.430525139542,-0.234065277897,-1.65467892112
0.1034242949,2.70357289323,0.335121333759
-0.466523588106,-0.0511445441669,-2.7898975521
0.306005631186,1.18305790497,1.94131097911
0.928561171983,0.0880772418572,-0.870899894847
0.941688850972,3.51783314608,1.22630032919
-0.100155406108,1.89226494235,1.4350088737
0.458171843577,3.83704378033,0.334963174022
1.22985841429,0.632028987767,-1.86940000801
-0.985965219358,0.687286279442,-2.96630288572
0.702121037924,2.74436910422,-0.481579690162
0.919263329579,0.485391486752,-1.68740051838
-0.969197089558,0.467643093443,-1.83673555497
-0.97837097268,1.13773342241,3.35343750149
1.72282082363,3.83609853146,0.524114850011
-0.15666817997,0.609001685864,-1.28735155698
0.482286442123,2.42653239092,2.04219707269
1.01793308181,1.10846884283,1.78723495288
0.588687957101,0.790320272133,-1.91421591264
-0.0875620273515,1.74729811552,-0.335932049211
-0.615828625324,0.092662728715,-1.42962206746
0.453870294367,2.09236043305,1.70566686002
0.730706750373,2.96365027207,2.72043010415
0.0426368371114,1.11241009749,-1.65454812747
1.27261988116,3.20205056973,1.53753326217
0.317863705508,0.657001750374,-1.20815502401
-0.00269866839833,1.58722396298,2.37194885072
0.980617766547,2.08983534245,0.20845953596
-0.370009938244,1.21382457277,1.67209507286
-0.424965396914,2.02616001222,0.724609595425
0.356654214146,3.53309795167,0.833229846431
0.140277474328,3.60523924605,-0.23645353071
-0.405219882858,0.263134098759,-0.161069108168
0.856777262002,1.81100631549,2.13977346574
-0.420315026244,0.54556520875,-0.987028773411
-0.401567702444,0.762642452999,-1.73255284989
0.0737272138888,3.40727923226,-0.240626837086
-0.385570701421,2.62497544643,-0.33868436683
-0.378051192496,0.105004955187,-1.17010156368
0.0645607085323,1.63576685874,1.89088770376
0.391740930558,0.518993840091,2.49621271489
0.608024090826,3.37012126693,-1.59118625117
0.222649890223,0.623283318185,-1.54254385036
-0.600375483287,3.68272446191,-0.790079365095
-0.389108328301,0.824389923241,-1.08544959135
0.192312989113,1.12425392777,2.49437711535
0.892920692821,1.74833802609,-1.45091390053
-0.22059500867,3.5216881971,0.208484911177
0.253211204106,3.24196457023,-0.633875963352
-0.111580674978,1.25073437927,-1.36379818253
1.44906666018,3.07455640631,-0.208739149605
1.2972148913,1.29266321632,2.15590053543
-0.110147238914,0.886683614991,-1.34913482745
0.149549452104,1.42742791472,2.25724397338
0.782120472533,-0.527019636937,-1.79678884874
0.761729111876,2.99061547719,-0.314090653057
0.0793377776401,3.49222949559,2.06264385187
1.37029179535,1.90396509146,-1.46082405188
0.219978660765,1.95394542498,1.83600434184
-0.208482873097,-0.147838525023,-2.1249810219
0.186046896069,1.58504854916,1.30496249226
0.19330081807,0.939832077377,-1.26546967879
0.404108260244,2.54643371797,-0.0533255224203
0.409293053325,-0.877451450235,-0.900595043644
0.0713174851463,2.29918296014,2.28131090558
-0.689810682522,0.403092276619,-1.49804847806
0.221736665156,3.33321915292,-0.477219927744
0.763154701842,3.10926035215,-0.426449173021
0.797770172976,0.531573479775,-2.11357346521
0.194747523495,3.2621323004,-0.868744543151
-0.0619112932304,0.491071954025,-0.957717041004
-0.0312041575468,1.05632255304,-0.981013784829
-0.480116914457,2.3445340633,-0.37932635395
-0.608923877455,-0.0488106231337,-1.74858152164
0.668097957219,2.66491788426,-0.443793278325
0.719917836747,2.08931303873,3.14229542999
-0.710868934666,2.53070172995,2.6108819201
0.346735483665,1.72234024768,1.58721926258
0.0438577616338,0.462804423393,-1.20063908973
-0.14134882343,3.29299456922,0.0538109211779
0.750389947305,1.23501712951,1.77957488317
0.641336695598,2.86002811856,0.0514898913265
0.957555503892,-0.499994489053,-0.979938244118
1.14608982028,3.95816685819,-0.687962295805
0.932012236879,2.48680943882,0.29403640935
0.297098024976,1.66013536945,-0.900122425492
0.512963369719,3.695759798,-0.212503885292
0.342490720857,0.48154878659,-1.92682561965
0.357488289622,2.6405430618,-0.686659002306
-0.756913859092,1.55701982004,-2.37387159692
1.50173579066,2.96071389912,0.218585676145
-0.913518170361,-0.292294788334,-2.79779090414
1.24359137826,2.49778207628,0.868107486441
-0.743780621726,0.703552946787,-1.67888128317
0.714758452141,2.67141003225,-1.49831591786
0.184111649784,1.21966040939,-2.25999202866
1.34356859255,2.15718116151,-1.51430044047
1.53805684647,1.58658945764,2.20132561218
1.67115442144,3.27099975849,-0.181494588181
0.580450766482,1.536470199,2.2901036678
0.0366605357728,0.80200055329,-1.34862135176
-0.380369764992,0.715964429185,-1.50781494347
1.22438382572,1.51570915697,2.71355291809
0.272563970434,0.516526783479,-2.42283641798
-0.674429554995,1.46021095618,2.85695179922
0.24982998975,0.608395651655,-2.3978343451
1.03691475777,3.17157960364,0.465220248225
0.866566620556,1.12430198191,1.51772135719
1.88199223722,2.59683885604,-0.824754967693
0.413149445746,0.380149452013,-1.35892292593
1.07718277602,3.40476508304,-0.487639395241
1.42901405425,0.165775035516,-0.299654006985
0.720408804531,1.48312500137,2.54602946075
1.35754155947,3.12189745725,-0.376523730809
-0.0835194277154,2.17048586414,2.00229099389
0.380322571639,2.31263725816,3.14642346673
0.532010449747,2.88429052229,-0.00174028349679
1.8329998268,0.359430422333,1.48761882508
-0.535092746289,1.54548664304,-0.959366812092
0.552227129455,2.05575203669,3.16657620325
0.658148683915,1.25025869916,-1.78590536252
-0.246764345264,1.01638088469,-2.00539697844
-0.267756036387,1.98709753554,1.63663912107
0.926612721026,3.09209293928,0.1023463518
0.00109586379401,0.679562164347,-1.42500556851
0.768809720609,1.70721966701,1.70611803139
0.566432099084,0.616596104904,-2.02469830495
-1.56591493628,-0.0468311927235,-1.58501701286
0.216131172926,3.12835722158,-0.659800420527
-0.18844823851,0.612056116186,-1.8452506293
0.170621749481,2.99720563528,-0.122808705112
0.587026002886,1.89902638601,-1.06425890346
0.1780103209,2.78271711052,0.748052159442
0.420341552858,1.41135115493,-0.574282799927
0.625483417619,1.46401191115,1.54370437849
0.0346633066809,1.65381189741,-2.30559054201
-0.873796466295,1.84756541638,3.2120103446
0.423637537908,3.44349227082,-1.1637370678
-0.77767456996,2.60963210047,-1.37017102694
-0.359512190982,0.825155285079,-2.37075894722
-0.0934419095756,2.07280938091,1.65987607749
-0.912955701923,0.57957811615,-0.203794087544
